-- phpMyAdmin SQL Dump
-- version 5.2.1
-- https://www.phpmyadmin.net/
--
-- Gép: 127.0.0.1
-- Létrehozás ideje: 2024. Jan 04. 13:44
-- Kiszolgáló verziója: 10.4.28-MariaDB
-- PHP verzió: 8.2.4

SET SQL_MODE = "NO_AUTO_VALUE_ON_ZERO";
START TRANSACTION;
SET time_zone = "+00:00";


/*!40101 SET @OLD_CHARACTER_SET_CLIENT=@@CHARACTER_SET_CLIENT */;
/*!40101 SET @OLD_CHARACTER_SET_RESULTS=@@CHARACTER_SET_RESULTS */;
/*!40101 SET @OLD_COLLATION_CONNECTION=@@COLLATION_CONNECTION */;
/*!40101 SET NAMES utf8mb4 */;

--
-- Adatbázis: `frissfutar`
--
CREATE DATABASE IF NOT EXISTS `frissfutar` DEFAULT CHARACTER SET utf8mb4 COLLATE utf8mb4_hungarian_ci;
USE `frissfutar`;

-- --------------------------------------------------------

--
-- Tábla szerkezet ehhez a táblához `admin`
--

CREATE TABLE `admin` (
  `id` int(11) NOT NULL,
  `felhasznalo_nev` varchar(30) NOT NULL,
  `jelszo` varchar(80) NOT NULL
) ENGINE=InnoDB DEFAULT CHARSET=utf8 COLLATE=utf8_hungarian_ci;

-- --------------------------------------------------------

--
-- Tábla szerkezet ehhez a táblához `afa_kulcsok`
--

CREATE TABLE `afa_kulcsok` (
  `id` int(11) NOT NULL,
  `megnevezes` varchar(5) NOT NULL,
  `kulcs` double NOT NULL
) ENGINE=InnoDB DEFAULT CHARSET=utf8 COLLATE=utf8_hungarian_ci;

--
-- A tábla adatainak kiíratása `afa_kulcsok`
--

INSERT INTO `afa_kulcsok` (`id`, `megnevezes`, `kulcs`) VALUES
(1, '27%', 27),
(2, '15%', 15),
(3, '0%', 0),
(4, 'AAM', 0),
(5, 'TAM', 0);

-- --------------------------------------------------------

--
-- Tábla szerkezet ehhez a táblához `felhasznalo_adatok`
--

CREATE TABLE `felhasznalo_adatok` (
  `id` int(11) NOT NULL,
  `teljes_nev` varchar(100) NOT NULL,
  `telefonszam` varchar(20) NOT NULL,
  `email` varchar(60) NOT NULL,
  `jelszo` varchar(60) NOT NULL
) ENGINE=InnoDB DEFAULT CHARSET=utf8 COLLATE=utf8_hungarian_ci;

-- --------------------------------------------------------

--
-- Tábla szerkezet ehhez a táblához `fizetesi_modok`
--

CREATE TABLE `fizetesi_modok` (
  `id` int(11) NOT NULL,
  `megnevezes` varchar(30) NOT NULL
) ENGINE=InnoDB DEFAULT CHARSET=utf8 COLLATE=utf8_hungarian_ci;

--
-- A tábla adatainak kiíratása `fizetesi_modok`
--

INSERT INTO `fizetesi_modok` (`id`, `megnevezes`) VALUES
(1, 'készpénz'),
(2, 'bankkártya'),
(3, 'SZÉP-kártya');

-- --------------------------------------------------------

--
-- Tábla szerkezet ehhez a táblához `mennyisegi_egysegek`
--

CREATE TABLE `mennyisegi_egysegek` (
  `id` int(11) NOT NULL,
  `megnevezes` varchar(30) NOT NULL
) ENGINE=InnoDB DEFAULT CHARSET=utf8 COLLATE=utf8_hungarian_ci;

--
-- A tábla adatainak kiíratása `mennyisegi_egysegek`
--

INSERT INTO `mennyisegi_egysegek` (`id`, `megnevezes`) VALUES
(1, 'cm'),
(2, 'l'),
(3, 'db'),
(4, 'adag'),
(5, 'g');

-- --------------------------------------------------------

--
-- Tábla szerkezet ehhez a táblához `rendeles`
--

CREATE TABLE `rendeles` (
  `id` int(11) NOT NULL,
  `felhasznalo_adatok_id` int(11) NOT NULL,
  `teljes_nev` varchar(100) NOT NULL,
  `cim` varchar(150) NOT NULL,
  `fizetesi_modok_id` int(11) NOT NULL,
  `rendeles_statusza_id` int(11) NOT NULL,
  `rendeles_datumido` datetime NOT NULL,
  `szallitas_datum` date NOT NULL,
  `szallitas_megj` varchar(50) NOT NULL,
  `brutto_vegosszeg` int(8) NOT NULL,
  `netto_vegosszeg` int(8) NOT NULL
) ENGINE=InnoDB DEFAULT CHARSET=utf8 COLLATE=utf8_hungarian_ci;

-- --------------------------------------------------------

--
-- Tábla szerkezet ehhez a táblához `rendeles_statusza`
--

CREATE TABLE `rendeles_statusza` (
  `id` int(11) NOT NULL,
  `rendeles_allapot` varchar(20) NOT NULL
) ENGINE=InnoDB DEFAULT CHARSET=utf8 COLLATE=utf8_hungarian_ci;

--
-- A tábla adatainak kiíratása `rendeles_statusza`
--

INSERT INTO `rendeles_statusza` (`id`, `rendeles_allapot`) VALUES
(1, 'rendelés felvéve'),
(2, 'rendelés készen áll '),
(3, 'kiszállítva');

-- --------------------------------------------------------

--
-- Tábla szerkezet ehhez a táblához `rendeles_tetelei`
--

CREATE TABLE `rendeles_tetelei` (
  `id` int(11) NOT NULL,
  `rendeles_id` int(11) NOT NULL,
  `termek_id` int(11) NOT NULL,
  `megnevezes` varchar(100) NOT NULL,
  `mennyiseg` int(11) NOT NULL,
  `netto_egyseg_ar` int(11) NOT NULL,
  `afakulcs` double NOT NULL
) ENGINE=InnoDB DEFAULT CHARSET=utf8 COLLATE=utf8_hungarian_ci;

-- --------------------------------------------------------

--
-- Tábla szerkezet ehhez a táblához `szallitasi_cim`
--

CREATE TABLE `szallitasi_cim` (
  `id` int(11) NOT NULL,
  `felhasznalo_adatok_id` int(11) NOT NULL,
  `telepules_id` int(11) NOT NULL,
  `utca_hazszam` varchar(100) NOT NULL
) ENGINE=InnoDB DEFAULT CHARSET=utf8 COLLATE=utf8_hungarian_ci;

-- --------------------------------------------------------

--
-- Tábla szerkezet ehhez a táblához `telepulesek`
--

CREATE TABLE `telepulesek` (
  `id` int(11) NOT NULL,
  `varmegyek_id` int(11) NOT NULL,
  `i_szam` varchar(4) NOT NULL,
  `telepules` varchar(30) NOT NULL
) ENGINE=InnoDB DEFAULT CHARSET=utf8 COLLATE=utf8_hungarian_ci;

--
-- A tábla adatainak kiíratása `telepulesek`
--

INSERT INTO `telepulesek` (`id`, `varmegyek_id`, `i_szam`, `telepules`) VALUES
(1, 6, '8127', 'Aba'),
(2, 6, '8128', 'Aba'),
(3, 10, '5241', 'Abádszalók'),
(4, 2, '7678', 'Abaliget'),
(5, 9, '3261', 'Abasár'),
(6, 4, '3882', 'Abaújalpár'),
(7, 4, '3882', 'Abaújkér'),
(8, 4, '3815', 'Abaújlak'),
(9, 4, '3881', 'Abaújszántó'),
(10, 4, '3809', 'Abaújszolnok'),
(11, 4, '3898', 'Abaújvár'),
(12, 7, '9151', 'Abda'),
(13, 4, '3753', 'Abod'),
(14, 13, '2740', 'Abony'),
(15, 18, '8256', 'Ábrahámhegy'),
(16, 11, '2941', 'Ács'),
(17, 13, '2683', 'Acsa'),
(18, 17, '9746', 'Acsád'),
(19, 7, '9168', 'Acsalag'),
(20, 11, '2887', 'Ácsteszér'),
(21, 9, '3292', 'Adács'),
(22, 14, '8653', 'Ádánd'),
(23, 18, '8561', 'Adásztevel'),
(24, 6, '2457', 'Adony'),
(25, 18, '8497', 'Adorjánháza'),
(26, 2, '7841', 'Adorjás'),
(27, 2, '7381', 'Ág'),
(28, 1, '6076', 'Ágasegyháza'),
(29, 7, '9423', 'Ágfalva'),
(30, 4, '3759', 'Aggtelek'),
(31, 7, '9441', 'Agyagosszergény'),
(32, 15, '4524', 'Ajak'),
(33, 18, '8400', 'Ajka'),
(34, 18, '8447', 'Ajka'),
(35, 18, '8448', 'Ajka'),
(36, 18, '8451', 'Ajka'),
(37, 11, '2862', 'Aka'),
(38, 1, '6221', 'Akasztó'),
(39, 4, '3779', 'Alacska'),
(40, 6, '7011', 'Alap'),
(41, 10, '5142', 'Alattyán'),
(42, 13, '2730', 'Albertirsa'),
(43, 6, '8087', 'Alcsútdoboz'),
(44, 9, '3353', 'Aldebrő'),
(45, 5, '6750', 'Algyő'),
(46, 19, '8921', 'Alibánfa'),
(47, 2, '7934', 'Almamellék'),
(48, 11, '2931', 'Almásfüzitő'),
(49, 19, '8935', 'Almásháza'),
(50, 3, '5747', 'Almáskamarás'),
(51, 2, '7932', 'Almáskeresztúr'),
(52, 8, '4285', 'Álmosd'),
(53, 4, '3985', 'Alsóberecki'),
(54, 14, '7443', 'Alsóbogát'),
(55, 4, '3717', 'Alsódobsza'),
(56, 4, '3837', 'Alsógagy'),
(57, 2, '7345', 'Alsómocsolád'),
(58, 16, '7147', 'Alsónána'),
(59, 13, '2351', 'Alsónémedi'),
(60, 19, '8924', 'Alsónemesapáti'),
(61, 16, '7148', 'Alsónyék'),
(62, 19, '8394', 'Alsópáhok'),
(63, 12, '2617', 'Alsópetény'),
(64, 19, '8767', 'Alsórajk'),
(65, 4, '3989', 'Alsóregmec'),
(66, 19, '8973', 'Alsószenterzsébet'),
(67, 6, '7012', 'Alsószentiván'),
(68, 2, '7826', 'Alsószentmárton'),
(69, 4, '3726', 'Alsószuha'),
(70, 17, '9983', 'Alsószölnök'),
(71, 4, '3735', 'Alsótelekes'),
(72, 12, '3069', 'Alsótold'),
(73, 17, '9842', 'Alsóújlak'),
(74, 4, '3811', 'Alsóvadász'),
(75, 4, '3571', 'Alsózsolca'),
(76, 18, '8226', 'Alsóörs'),
(77, 5, '6916', 'Ambrózfalva'),
(78, 15, '4546', 'Anarcs'),
(79, 14, '8675', 'Andocs'),
(80, 9, '3399', 'Andornaktálya'),
(81, 17, '9811', 'Andrásfa'),
(82, 11, '2529', 'Annavölgy'),
(83, 18, '8477', 'Apácatorna'),
(84, 15, '4553', 'Apagy'),
(85, 13, '2345', 'Apaj'),
(86, 16, '7186', 'Aparhant'),
(87, 5, '6931', 'Apátfalva'),
(88, 17, '9982', 'Apátistvánfalva'),
(89, 2, '7720', 'Apátvarasd'),
(90, 9, '3032', 'Apc'),
(91, 13, '2338', 'Áporka'),
(92, 1, '6088', 'Apostag'),
(93, 15, '4634', 'Aranyosapáti'),
(94, 2, '7671', 'Aranyosgadány'),
(95, 4, '3885', 'Arka'),
(96, 4, '3663', 'Arló'),
(97, 4, '3713', 'Arnót'),
(98, 4, '3467', 'Ároktő'),
(99, 5, '6623', 'Árpádhalom'),
(100, 7, '9132', 'Árpás'),
(101, 8, '4115', 'Ártánd'),
(102, 5, '6783', 'Ásotthalom'),
(103, 7, '9177', 'Ásványráró'),
(104, 4, '3841', 'Aszaló'),
(105, 11, '2881', 'Ászár'),
(106, 13, '2170', 'Aszód'),
(107, 18, '8241', 'Aszófő'),
(108, 2, '7763', 'Áta'),
(109, 9, '3371', 'Átány'),
(110, 9, '3213', 'Atkár'),
(111, 16, '7252', 'Attala'),
(112, 2, '7757', 'Babarc'),
(113, 2, '7814', 'Babarcszőlős'),
(114, 14, '7584', 'Babócsa'),
(115, 11, '2943', 'Bábolna'),
(116, 14, '8658', 'Bábonymegyer'),
(117, 19, '8983', 'Babosdöbréte'),
(118, 7, '9351', 'Babót'),
(119, 1, '6430', 'Bácsalmás'),
(120, 1, '6453', 'Bácsbokod'),
(121, 1, '6454', 'Bácsborsód'),
(122, 1, '6511', 'Bácsszentgyörgy'),
(123, 1, '6425', 'Bácsszőlős'),
(124, 18, '8257', 'Badacsonytomaj'),
(125, 18, '8258', 'Badacsonytomaj'),
(126, 18, '8261', 'Badacsonytomaj'),
(127, 18, '8262', 'Badacsonytördemic'),
(128, 18, '8263', 'Badacsonytördemic'),
(129, 13, '2191', 'Bag'),
(130, 8, '4286', 'Bagamér'),
(131, 19, '8977', 'Baglad'),
(132, 19, '8992', 'Bagod'),
(133, 7, '9145', 'Bágyogszovát'),
(134, 11, '2836', 'Baj'),
(135, 1, '6500', 'Baja'),
(136, 1, '6503', 'Baja'),
(137, 17, '9944', 'Bajánsenye'),
(138, 11, '2525', 'Bajna'),
(139, 11, '2533', 'Bajót'),
(140, 19, '8945', 'Bak'),
(141, 14, '7585', 'Bakháza'),
(142, 2, '7393', 'Bakóca'),
(143, 8, '4164', 'Bakonszeg'),
(144, 2, '7675', 'Bakonya'),
(145, 11, '2885', 'Bakonybánk'),
(146, 18, '8427', 'Bakonybél'),
(147, 6, '8056', 'Bakonycsernye'),
(148, 7, '8433', 'Bakonygyirót'),
(149, 18, '8581', 'Bakonyjákó'),
(150, 18, '8571', 'Bakonykoppány'),
(151, 6, '8045', 'Bakonykúti'),
(152, 18, '8422', 'Bakonynána'),
(153, 18, '8418', 'Bakonyoszlop'),
(154, 7, '9088', 'Bakonypéterd'),
(155, 18, '8457', 'Bakonypölöske'),
(156, 18, '8557', 'Bakonyság'),
(157, 11, '2861', 'Bakonysárkány'),
(158, 18, '8557', 'Bakonyszentiván'),
(159, 18, '8430', 'Bakonyszentkirály'),
(160, 7, '8431', 'Bakonyszentlászló'),
(161, 11, '2884', 'Bakonyszombathely'),
(162, 18, '8572', 'Bakonyszücs'),
(163, 18, '8555', 'Bakonytamási'),
(164, 5, '6768', 'Baks'),
(165, 2, '7834', 'Baksa'),
(166, 4, '3836', 'Baktakék'),
(167, 15, '4561', 'Baktalórántháza'),
(168, 19, '8946', 'Baktüttös'),
(169, 4, '3780', 'Balajt'),
(170, 12, '2660', 'Balassagyarmat'),
(171, 5, '6764', 'Balástya'),
(172, 9, '3347', 'Balaton'),
(173, 18, '8243', 'Balatonakali'),
(174, 18, '8220', 'Balatonalmádi'),
(175, 14, '8649', 'Balatonberény'),
(176, 14, '8630', 'Balatonboglár'),
(177, 14, '8691', 'Balatonboglár'),
(178, 18, '8272', 'Balatoncsicsó'),
(179, 18, '8312', 'Balatonederics'),
(180, 14, '8613', 'Balatonendréd'),
(181, 14, '8646', 'Balatonfenyves'),
(182, 18, '8164', 'Balatonfőkajár'),
(183, 18, '8175', 'Balatonfűzfő'),
(184, 18, '8184', 'Balatonfűzfő'),
(185, 18, '8230', 'Balatonfüred'),
(186, 18, '8236', 'Balatonfüred'),
(187, 14, '8623', 'Balatonföldvár'),
(188, 19, '8313', 'Balatongyörök'),
(189, 18, '8275', 'Balatonhenye'),
(190, 18, '8172', 'Balatonkenese'),
(191, 18, '8174', 'Balatonkenese'),
(192, 14, '8648', 'Balatonkeresztúr'),
(193, 14, '8638', 'Balatonlelle'),
(194, 19, '8753', 'Balatonmagyaród'),
(195, 14, '8647', 'Balatonmáriafürdő'),
(196, 14, '8637', 'Balatonőszöd'),
(197, 18, '8255', 'Balatonrendes'),
(198, 14, '8651', 'Balatonszabadi'),
(199, 14, '8624', 'Balatonszárszó'),
(200, 14, '8636', 'Balatonszemes'),
(201, 14, '8710', 'Balatonszentgyörgy'),
(202, 18, '8252', 'Balatonszepezd'),
(203, 18, '8233', 'Balatonszőlős'),
(204, 18, '8242', 'Balatonudvari'),
(205, 14, '8712', 'Balatonújlak'),
(206, 18, '8171', 'Balatonvilágos'),
(207, 6, '8054', 'Balinka'),
(208, 6, '8055', 'Balinka'),
(209, 15, '4233', 'Balkány'),
(210, 1, '6035', 'Ballószög'),
(211, 8, '4060', 'Balmazújváros'),
(212, 17, '9771', 'Balogunyom'),
(213, 1, '6412', 'Balotaszállás'),
(214, 15, '4468', 'Balsa'),
(215, 14, '8614', 'Bálványos'),
(216, 11, '2944', 'Bana'),
(217, 18, '8443', 'Bánd'),
(218, 2, '7914', 'Bánfa'),
(219, 4, '3642', 'Bánhorváti'),
(220, 12, '2653', 'Bánk'),
(221, 19, '8891', 'Bánokszentgyörgy'),
(222, 4, '3654', 'Bánréve'),
(223, 2, '7711', 'Bár'),
(224, 15, '4937', 'Barabás'),
(225, 6, '2426', 'Baracs'),
(226, 6, '2427', 'Baracs'),
(227, 6, '2471', 'Baracska'),
(228, 8, '4161', 'Báránd'),
(229, 2, '7841', 'Baranyahidvég'),
(230, 2, '7384', 'Baranyajenő'),
(231, 2, '7383', 'Baranyaszentgyörgy'),
(232, 7, '9169', 'Barbacs'),
(233, 14, '7557', 'Barcs'),
(234, 14, '7570', 'Barcs'),
(235, 14, '7478', 'Bárdudvarnok'),
(236, 19, '8948', 'Barlahida'),
(237, 12, '3126', 'Bárna'),
(238, 18, '8291', 'Barnag'),
(239, 11, '2883', 'Bársonyos'),
(240, 2, '7923', 'Basal'),
(241, 4, '3881', 'Baskó'),
(242, 16, '7149', 'Báta'),
(243, 16, '7164', 'Bátaapáti'),
(244, 16, '7140', 'Bátaszék'),
(245, 14, '7258', 'Baté'),
(246, 1, '6528', 'Bátmonostor'),
(247, 12, '3070', 'Bátonyterenye'),
(248, 12, '3078', 'Bátonyterenye'),
(249, 9, '3336', 'Bátor'),
(250, 15, '4343', 'Bátorliget'),
(251, 3, '5830', 'Battonya'),
(252, 1, '6351', 'Bátya'),
(253, 19, '8797', 'Batyk'),
(254, 19, '8887', 'Bázakerettye'),
(255, 18, '8352', 'Bazsi'),
(256, 18, '8565', 'Béb'),
(257, 19, '8866', 'Becsehely'),
(258, 12, '2693', 'Becske'),
(259, 4, '3768', 'Becskeháza'),
(260, 19, '8985', 'Becsvölgye'),
(261, 14, '8666', 'Bedegkér'),
(262, 8, '4128', 'Bedő'),
(263, 17, '9683', 'Bejcgyertyános'),
(264, 18, '8515', 'Békás'),
(265, 4, '3903', 'Bekecs'),
(266, 3, '5630', 'Békés'),
(267, 3, '5600', 'Békéscsaba'),
(268, 3, '5623', 'Békéscsaba'),
(269, 3, '5671', 'Békéscsaba'),
(270, 3, '5946', 'Békéssámson'),
(271, 3, '5561', 'Békésszentandrás'),
(272, 9, '3343', 'Bekölce'),
(273, 9, '3346', 'Bélapátfalva'),
(274, 14, '7589', 'Bélavár'),
(275, 16, '7061', 'Belecska'),
(276, 7, '9343', 'Beled'),
(277, 14, '7543', 'Beleg'),
(278, 19, '8855', 'Belezna'),
(279, 3, '5643', 'Bélmegyer'),
(280, 6, '2455', 'Beloiannisz'),
(281, 19, '8978', 'Belsősárd'),
(282, 2, '7747', 'Belvárdgyula'),
(283, 15, '4643', 'Benk'),
(284, 13, '2216', 'Bénye'),
(285, 12, '3045', 'Bér'),
(286, 17, '9831', 'Bérbaltavár'),
(287, 12, '2687', 'Bercel'),
(288, 15, '4934', 'Beregdaróc'),
(289, 15, '4933', 'Beregsurány'),
(290, 8, '4116', 'Berekböszörmény'),
(291, 10, '5309', 'Berekfürdő'),
(292, 2, '7827', 'Beremend'),
(293, 4, '3704', 'Berente'),
(294, 4, '3834', 'Beret'),
(295, 8, '4100', 'Berettyóújfalu'),
(296, 8, '4103', 'Berettyóújfalu'),
(297, 18, '8181', 'Berhida'),
(298, 18, '8182', 'Berhida'),
(299, 12, '2641', 'Berkenye'),
(300, 2, '7664', 'Berkesd'),
(301, 15, '4521', 'Berkesz'),
(302, 13, '2639', 'Bernecebaráti'),
(303, 4, '3575', 'Berzék'),
(304, 14, '7516', 'Berzence'),
(305, 2, '7838', 'Besence'),
(306, 15, '4557', 'Besenyőd'),
(307, 9, '3373', 'Besenyőtelek'),
(308, 10, '5071', 'Besenyszög'),
(309, 6, '2456', 'Besnyő'),
(310, 15, '4488', 'Beszterec'),
(311, 2, '7782', 'Bezedek'),
(312, 7, '9223', 'Bezenye'),
(313, 19, '8934', 'Bezeréd'),
(314, 7, '9162', 'Bezi'),
(315, 13, '2051', 'Biatorbágy'),
(316, 2, '7671', 'Bicsérd'),
(317, 6, '2060', 'Bicske'),
(318, 8, '4175', 'Bihardancsháza'),
(319, 8, '4110', 'Biharkeresztes'),
(320, 8, '4172', 'Biharnagybajom'),
(321, 8, '4174', 'Bihartorda'),
(322, 3, '5538', 'Biharugra'),
(323, 16, '7043', 'Bikács'),
(324, 2, '7346', 'Bikal'),
(325, 15, '4235', 'Biri'),
(326, 2, '7747', 'Birján'),
(327, 2, '7811', 'Bisse'),
(328, 17, '9625', 'Bő'),
(329, 17, '9542', 'Boba'),
(330, 19, '8943', 'Bocfölde'),
(331, 9, '3368', 'Boconád'),
(332, 4, '3574', 'Bőcs'),
(333, 1, '6235', 'Bócsa'),
(334, 19, '8776', 'Bocska'),
(335, 8, '4241', 'Bocskaikert'),
(336, 2, '7672', 'Boda'),
(337, 6, '8053', 'Bodajk'),
(338, 6, '8085', 'Bodmér'),
(339, 2, '7394', 'Bodolyabér'),
(340, 7, '9134', 'Bodonhely'),
(341, 9, '3243', 'Bodony'),
(342, 18, '8471', 'Bodorfa'),
(343, 14, '7439', 'Bodrog'),
(344, 4, '3987', 'Bodroghalom'),
(345, 4, '3916', 'Bodrogkeresztúr'),
(346, 4, '3917', 'Bodrogkisfalud'),
(347, 4, '3943', 'Bodrogolaszi'),
(348, 4, '3768', 'Bódvalenke'),
(349, 4, '3764', 'Bódvarákó'),
(350, 4, '3763', 'Bódvaszilas'),
(351, 4, '3412', 'Bogács'),
(352, 2, '7742', 'Bogád'),
(353, 2, '7836', 'Bogádmindszent'),
(354, 2, '7966', 'Bogdása'),
(355, 16, '7132', 'Bogyiszló'),
(356, 7, '9324', 'Bogyoszló'),
(357, 8, '4114', 'Bojt'),
(358, 19, '8741', 'Bókaháza'),
(359, 11, '2855', 'Bokod'),
(360, 12, '3066', 'Bokor'),
(361, 9, '3016', 'Boldog'),
(362, 2, '7937', 'Boldogasszonyfa'),
(363, 4, '3884', 'Boldogkőújfalu'),
(364, 4, '3885', 'Boldogkőváralja'),
(365, 4, '3794', 'Boldva'),
(366, 14, '7517', 'Bolhás'),
(367, 14, '7586', 'Bolhó'),
(368, 2, '7754', 'Bóly'),
(369, 19, '8992', 'Boncodfölde'),
(370, 14, '7281', 'Bonnya'),
(371, 7, '9073', 'Bőny'),
(372, 16, '7150', 'Bonyhád'),
(373, 16, '7187', 'Bonyhád'),
(374, 16, '7158', 'Bonyhádvarasd'),
(375, 5, '6795', 'Bordány'),
(376, 17, '9554', 'Borgáta'),
(377, 2, '7756', 'Borjád'),
(378, 1, '6445', 'Borota'),
(379, 19, '8885', 'Borsfa'),
(380, 4, '3658', 'Borsodbóta'),
(381, 4, '3426', 'Borsodgeszt'),
(382, 4, '3462', 'Borsodivánka'),
(383, 4, '3671', 'Borsodnádasd'),
(384, 4, '3672', 'Borsodnádasd'),
(385, 4, '3623', 'Borsodszentgyörgy'),
(386, 4, '3796', 'Borsodszirák'),
(387, 12, '2644', 'Borsosberény'),
(388, 18, '8479', 'Borszörcsök'),
(389, 18, '8428', 'Borzavár'),
(390, 7, '9167', 'Bősárkány'),
(391, 2, '7811', 'Bosta'),
(392, 14, '7475', 'Bőszénfa'),
(393, 15, '4955', 'Botpalád'),
(394, 2, '7900', 'Botykapeterd'),
(395, 17, '9727', 'Bozsok'),
(396, 4, '3994', 'Bózsva'),
(397, 17, '9752', 'Bozzai'),
(398, 3, '5527', 'Bucsa'),
(399, 17, '9792', 'Bucsu'),
(400, 19, '8925', 'Bucsuszentlászló'),
(401, 19, '8893', 'Bucsuta'),
(402, 13, '2093', 'Budajenő'),
(403, 13, '2011', 'Budakalász'),
(404, 13, '2092', 'Budakeszi'),
(405, 13, '1011', 'Budapest'),
(406, 13, '1012', 'Budapest'),
(407, 13, '1013', 'Budapest'),
(408, 13, '1014', 'Budapest'),
(409, 13, '1015', 'Budapest'),
(410, 13, '1016', 'Budapest'),
(411, 13, '1021', 'Budapest'),
(412, 13, '1022', 'Budapest'),
(413, 13, '1023', 'Budapest'),
(414, 13, '1024', 'Budapest'),
(415, 13, '1025', 'Budapest'),
(416, 13, '1026', 'Budapest'),
(417, 13, '1027', 'Budapest'),
(418, 13, '1028', 'Budapest'),
(419, 13, '1029', 'Budapest'),
(420, 13, '1031', 'Budapest'),
(421, 13, '1032', 'Budapest'),
(422, 13, '1033', 'Budapest'),
(423, 13, '1034', 'Budapest'),
(424, 13, '1035', 'Budapest'),
(425, 13, '1036', 'Budapest'),
(426, 13, '1037', 'Budapest'),
(427, 13, '1038', 'Budapest'),
(428, 13, '1039', 'Budapest'),
(429, 13, '1041', 'Budapest'),
(430, 13, '1042', 'Budapest'),
(431, 13, '1043', 'Budapest'),
(432, 13, '1044', 'Budapest'),
(433, 13, '1045', 'Budapest'),
(434, 13, '1046', 'Budapest'),
(435, 13, '1047', 'Budapest'),
(436, 13, '1048', 'Budapest'),
(437, 13, '1051', 'Budapest'),
(438, 13, '1052', 'Budapest'),
(439, 13, '1053', 'Budapest'),
(440, 13, '1054', 'Budapest'),
(441, 13, '1055', 'Budapest'),
(442, 13, '1056', 'Budapest'),
(443, 13, '1061', 'Budapest'),
(444, 13, '1062', 'Budapest'),
(445, 13, '1063', 'Budapest'),
(446, 13, '1064', 'Budapest'),
(447, 13, '1065', 'Budapest'),
(448, 13, '1066', 'Budapest'),
(449, 13, '1067', 'Budapest'),
(450, 13, '1068', 'Budapest'),
(451, 13, '1069', 'Budapest'),
(452, 13, '1071', 'Budapest'),
(453, 13, '1072', 'Budapest'),
(454, 13, '1073', 'Budapest'),
(455, 13, '1074', 'Budapest'),
(456, 13, '1075', 'Budapest'),
(457, 13, '1076', 'Budapest'),
(458, 13, '1077', 'Budapest'),
(459, 13, '1078', 'Budapest'),
(460, 13, '1081', 'Budapest'),
(461, 13, '1082', 'Budapest'),
(462, 13, '1083', 'Budapest'),
(463, 13, '1084', 'Budapest'),
(464, 13, '1085', 'Budapest'),
(465, 13, '1086', 'Budapest'),
(466, 13, '1087', 'Budapest'),
(467, 13, '1088', 'Budapest'),
(468, 13, '1089', 'Budapest'),
(469, 13, '1091', 'Budapest'),
(470, 13, '1092', 'Budapest'),
(471, 13, '1093', 'Budapest'),
(472, 13, '1094', 'Budapest'),
(473, 13, '1095', 'Budapest'),
(474, 13, '1096', 'Budapest'),
(475, 13, '1097', 'Budapest'),
(476, 13, '1098', 'Budapest'),
(477, 13, '1101', 'Budapest'),
(478, 13, '1102', 'Budapest'),
(479, 13, '1103', 'Budapest'),
(480, 13, '1104', 'Budapest'),
(481, 13, '1105', 'Budapest'),
(482, 13, '1106', 'Budapest'),
(483, 13, '1107', 'Budapest'),
(484, 13, '1108', 'Budapest'),
(485, 13, '1111', 'Budapest'),
(486, 13, '1112', 'Budapest'),
(487, 13, '1113', 'Budapest'),
(488, 13, '1114', 'Budapest'),
(489, 13, '1115', 'Budapest'),
(490, 13, '1116', 'Budapest'),
(491, 13, '1117', 'Budapest'),
(492, 13, '1118', 'Budapest'),
(493, 13, '1119', 'Budapest'),
(494, 13, '1121', 'Budapest'),
(495, 13, '1122', 'Budapest'),
(496, 13, '1123', 'Budapest'),
(497, 13, '1124', 'Budapest'),
(498, 13, '1125', 'Budapest'),
(499, 13, '1126', 'Budapest'),
(500, 13, '1131', 'Budapest'),
(501, 13, '1132', 'Budapest'),
(502, 13, '1133', 'Budapest'),
(503, 13, '1134', 'Budapest'),
(504, 13, '1135', 'Budapest'),
(505, 13, '1136', 'Budapest'),
(506, 13, '1137', 'Budapest'),
(507, 13, '1138', 'Budapest'),
(508, 13, '1139', 'Budapest'),
(509, 13, '1141', 'Budapest'),
(510, 13, '1142', 'Budapest'),
(511, 13, '1143', 'Budapest'),
(512, 13, '1144', 'Budapest'),
(513, 13, '1145', 'Budapest'),
(514, 13, '1146', 'Budapest'),
(515, 13, '1147', 'Budapest'),
(516, 13, '1148', 'Budapest'),
(517, 13, '1149', 'Budapest'),
(518, 13, '1151', 'Budapest'),
(519, 13, '1152', 'Budapest'),
(520, 13, '1153', 'Budapest'),
(521, 13, '1154', 'Budapest'),
(522, 13, '1155', 'Budapest'),
(523, 13, '1156', 'Budapest'),
(524, 13, '1157', 'Budapest'),
(525, 13, '1158', 'Budapest'),
(526, 13, '1161', 'Budapest'),
(527, 13, '1162', 'Budapest'),
(528, 13, '1163', 'Budapest'),
(529, 13, '1164', 'Budapest'),
(530, 13, '1165', 'Budapest'),
(531, 13, '1171', 'Budapest'),
(532, 13, '1172', 'Budapest'),
(533, 13, '1173', 'Budapest'),
(534, 13, '1174', 'Budapest'),
(535, 13, '1181', 'Budapest'),
(536, 13, '1182', 'Budapest'),
(537, 13, '1183', 'Budapest'),
(538, 13, '1184', 'Budapest'),
(539, 13, '1185', 'Budapest'),
(540, 13, '1186', 'Budapest'),
(541, 13, '1188', 'Budapest'),
(542, 13, '1191', 'Budapest'),
(543, 13, '1192', 'Budapest'),
(544, 13, '1193', 'Budapest'),
(545, 13, '1194', 'Budapest'),
(546, 13, '1195', 'Budapest'),
(547, 13, '1196', 'Budapest'),
(548, 13, '1201', 'Budapest'),
(549, 13, '1202', 'Budapest'),
(550, 13, '1203', 'Budapest'),
(551, 13, '1204', 'Budapest'),
(552, 13, '1205', 'Budapest'),
(553, 13, '1211', 'Budapest'),
(554, 13, '1212', 'Budapest'),
(555, 13, '1213', 'Budapest'),
(556, 13, '1214', 'Budapest'),
(557, 13, '1215', 'Budapest'),
(558, 13, '1221', 'Budapest'),
(559, 13, '1222', 'Budapest'),
(560, 13, '1223', 'Budapest'),
(561, 13, '1224', 'Budapest'),
(562, 13, '1225', 'Budapest'),
(563, 13, '1237', 'Budapest'),
(564, 13, '1238', 'Budapest'),
(565, 13, '1239', 'Budapest'),
(566, 13, '1529', 'Budapest'),
(567, 13, '2040', 'Budaörs'),
(568, 1, '6114', 'Bugac'),
(569, 1, '6114', 'Bugacpusztaháza'),
(570, 13, '2347', 'Bugyi'),
(571, 15, '4483', 'Buj'),
(572, 12, '3047', 'Buják'),
(573, 14, '8695', 'Buzsák'),
(574, 17, '9737', 'Bük'),
(575, 17, '9740', 'Bük'),
(576, 4, '3422', 'Bükkábrány'),
(577, 4, '3554', 'Bükkaranyos'),
(578, 4, '3648', 'Bükkmogyorósd'),
(579, 9, '3335', 'Bükkszék'),
(580, 9, '3257', 'Bükkszenterzsébet'),
(581, 4, '3557', 'Bükkszentkereszt'),
(582, 9, '3346', 'Bükkszentmárton'),
(583, 4, '3414', 'Bükkzsérc'),
(584, 2, '7682', 'Bükkösd'),
(585, 2, '7973', 'Bürüs'),
(586, 14, '7273', 'Büssü'),
(587, 4, '3821', 'Büttös'),
(588, 19, '8991', 'Böde'),
(589, 19, '8969', 'Bödeháza'),
(590, 17, '9612', 'Bögöt'),
(591, 17, '9675', 'Bögöte'),
(592, 14, '8719', 'Böhönye'),
(593, 15, '4231', 'Bököny'),
(594, 16, '7025', 'Bölcske'),
(595, 7, '9152', 'Börcs'),
(596, 19, '8772', 'Börzönce'),
(597, 17, '9725', 'Cák'),
(598, 7, '9165', 'Cakóháza'),
(599, 6, '7013', 'Cece'),
(600, 15, '4732', 'Cégénydányád'),
(601, 13, '2700', 'Cegléd'),
(602, 13, '2738', 'Cegléd'),
(603, 13, '2737', 'Ceglédbercel'),
(604, 17, '9500', 'Celldömölk'),
(605, 17, '9541', 'Celldömölk'),
(606, 12, '3123', 'Cered'),
(607, 17, '9624', 'Chernelházadamonya'),
(608, 10, '5462', 'Cibakháza'),
(609, 4, '3973', 'Cigánd'),
(610, 16, '7161', 'Cikó'),
(611, 7, '9364', 'Cirák'),
(612, 3, '5551', 'Csabacsűd'),
(613, 3, '5609', 'Csabaszabadi'),
(614, 6, '2064', 'Csabdi'),
(615, 18, '8474', 'Csabrendek'),
(616, 7, '9375', 'Csáfordjánosfa'),
(617, 15, '4967', 'Csaholc'),
(618, 18, '8163', 'Csajág'),
(619, 14, '8735', 'Csákány'),
(620, 17, '9919', 'Csákánydoroszló'),
(621, 6, '8073', 'Csákberény'),
(622, 6, '8083', 'Csákvár'),
(623, 5, '6915', 'Csanádalberti'),
(624, 3, '5662', 'Csanádapáca'),
(625, 5, '6913', 'Csanádpalota'),
(626, 17, '9654', 'Csánig'),
(627, 9, '3015', 'Csány'),
(628, 2, '7964', 'Csányoszró'),
(629, 5, '6647', 'Csanytelek'),
(630, 19, '8756', 'Csapi'),
(631, 7, '9372', 'Csapod'),
(632, 3, '5621', 'Csárdaszállás'),
(633, 2, '7811', 'Csarnóta'),
(634, 15, '4844', 'Csaroda'),
(635, 11, '2858', 'Császár'),
(636, 1, '6239', 'Császártöltés'),
(637, 15, '4973', 'Császló'),
(638, 1, '6523', 'Csátalja'),
(639, 19, '8943', 'Csatár'),
(640, 10, '5064', 'Csataszög'),
(641, 11, '2888', 'Csatka'),
(642, 1, '6448', 'Csávoly'),
(643, 2, '7935', 'Csebény'),
(644, 12, '3052', 'Csécse'),
(645, 15, '4742', 'Csegöld'),
(646, 18, '8445', 'Csehbánya'),
(647, 17, '9833', 'Csehi'),
(648, 17, '9834', 'Csehimindszent'),
(649, 11, '2949', 'Csém'),
(650, 13, '2713', 'Csemő'),
(651, 17, '9764', 'Csempeszkopács'),
(652, 5, '6765', 'Csengele'),
(653, 15, '4765', 'Csenger'),
(654, 15, '4743', 'Csengersima'),
(655, 15, '4764', 'Csengerújfalu'),
(656, 1, '6222', 'Csengőd'),
(657, 17, '9611', 'Csénye'),
(658, 4, '3837', 'Csenyéte'),
(659, 11, '2946', 'Csép'),
(660, 10, '5475', 'Csépa'),
(661, 17, '9735', 'Csepreg'),
(662, 7, '9375', 'Csér'),
(663, 2, '7683', 'Cserdi'),
(664, 14, '7472', 'Cserénfa'),
(665, 4, '3413', 'Cserépfalu'),
(666, 4, '3417', 'Cserépváralja'),
(667, 12, '2694', 'Cserháthaláp'),
(668, 12, '2676', 'Cserhátsurány'),
(669, 12, '3066', 'Cserhátszentiván'),
(670, 10, '5465', 'Cserkeszőlő'),
(671, 2, '7673', 'Cserkút'),
(672, 4, '3648', 'Csernely'),
(673, 19, '8372', 'Cserszegtomaj'),
(674, 19, '8951', 'Csertalakos'),
(675, 2, '7900', 'Csertő'),
(676, 18, '8419', 'Csesznek'),
(677, 19, '8973', 'Csesztreg'),
(678, 12, '2678', 'Csesztve'),
(679, 18, '8417', 'Csetény'),
(680, 13, '2212', 'Csévharaszt'),
(681, 16, '7225', 'Csibrák'),
(682, 1, '6424', 'Csikéria'),
(683, 16, '7341', 'Csikóstőttős'),
(684, 7, '9127', 'Csikvánd'),
(685, 4, '3442', 'Csincse'),
(686, 17, '9836', 'Csipkerek'),
(687, 12, '2673', 'Csitár'),
(688, 4, '3848', 'Csobád'),
(689, 4, '3927', 'Csobaj'),
(690, 13, '2014', 'Csobánka'),
(691, 6, '8074', 'Csókakő'),
(692, 14, '7555', 'Csokonyavisonta'),
(693, 4, '3647', 'Csokvaomány'),
(694, 11, '2521', 'Csolnok'),
(695, 1, '6135', 'Csólyospálos'),
(696, 14, '7253', 'Csoma'),
(697, 13, '2161', 'Csomád'),
(698, 14, '7432', 'Csombárd'),
(699, 5, '6640', 'Csongrád'),
(700, 5, '6648', 'Csongrád'),
(701, 19, '8918', 'Csonkahegyhát'),
(702, 2, '7940', 'Csonkamindszent'),
(703, 18, '8229', 'Csopak'),
(704, 6, '8041', 'Csór'),
(705, 7, '9300', 'Csorna'),
(706, 3, '5920', 'Csorvás'),
(707, 6, '8122', 'Csősz'),
(708, 18, '8558', 'Csót'),
(709, 13, '2615', 'Csővár'),
(710, 14, '8840', 'Csurgó'),
(711, 14, '8840', 'Csurgónagymarton'),
(712, 19, '8999', 'Csöde'),
(713, 18, '8495', 'Csögle'),
(714, 8, '4145', 'Csökmő'),
(715, 14, '7526', 'Csököly'),
(716, 14, '8700', 'Csömend'),
(717, 19, '8957', 'Csömödér'),
(718, 13, '2141', 'Csömör'),
(719, 17, '9513', 'Csönge'),
(720, 19, '8873', 'Csörnyeföld'),
(721, 13, '2135', 'Csörög'),
(722, 17, '9962', 'Csörötnek'),
(723, 2, '7843', 'Cún'),
(724, 13, '2370', 'Dabas'),
(725, 13, '2371', 'Dabas'),
(726, 13, '2373', 'Dabas'),
(727, 18, '8345', 'Dabronc'),
(728, 18, '8485', 'Dabrony'),
(729, 11, '2854', 'Dad'),
(730, 11, '2522', 'Dág'),
(731, 18, '8592', 'Dáka'),
(732, 16, '7211', 'Dalmand'),
(733, 4, '3780', 'Damak'),
(734, 4, '3978', 'Dámóc'),
(735, 13, '2735', 'Dánszentmiklós'),
(736, 13, '2118', 'Dány'),
(737, 17, '9917', 'Daraboshegy'),
(738, 14, '7988', 'Darány'),
(739, 15, '4737', 'Darnó'),
(740, 7, '9232', 'Darnózseli'),
(741, 6, '2423', 'Daruszentmiklós'),
(742, 8, '4144', 'Darvas'),
(743, 1, '6524', 'Dávod'),
(744, 12, '2694', 'Debercsény'),
(745, 8, '4000', 'Debrecen'),
(746, 8, '4002', 'Debrecen'),
(747, 8, '4024', 'Debrecen'),
(748, 8, '4025', 'Debrecen'),
(749, 8, '4026', 'Debrecen'),
(750, 8, '4027', 'Debrecen'),
(751, 8, '4028', 'Debrecen'),
(752, 8, '4029', 'Debrecen'),
(753, 8, '4030', 'Debrecen'),
(754, 8, '4031', 'Debrecen'),
(755, 8, '4032', 'Debrecen'),
(756, 8, '4033', 'Debrecen'),
(757, 8, '4034', 'Debrecen'),
(758, 8, '4063', 'Debrecen'),
(759, 8, '4078', 'Debrecen'),
(760, 8, '4079', 'Debrecen'),
(761, 8, '4225', 'Debrecen'),
(762, 4, '3825', 'Debréte'),
(763, 16, '7144', 'Decs'),
(764, 4, '3643', 'Dédestapolcsány'),
(765, 6, '8135', 'Dég'),
(766, 12, '2649', 'Dejtár'),
(767, 13, '2337', 'Délegyháza'),
(768, 15, '4516', 'Demecser'),
(769, 9, '3395', 'Demjén'),
(770, 2, '7915', 'Dencsháza'),
(771, 7, '9365', 'Dénesfa'),
(772, 8, '4130', 'Derecske'),
(773, 5, '6621', 'Derekegyház'),
(774, 5, '6772', 'Deszk'),
(775, 4, '3834', 'Detek'),
(776, 9, '3275', 'Detk'),
(777, 3, '5510', 'Dévaványa'),
(778, 18, '8460', 'Devecser'),
(779, 2, '7683', 'Dinnyeberki'),
(780, 16, '7072', 'Diósberény'),
(781, 13, '2049', 'Diósd'),
(782, 12, '2643', 'Diósjenő'),
(783, 19, '8764', 'Dióskál'),
(784, 2, '7817', 'Diósviszló'),
(785, 18, '8482', 'Doba'),
(786, 3, '5624', 'Doboz'),
(787, 19, '8874', 'Dobri'),
(788, 19, '8989', 'Dobronhegy'),
(789, 5, '6766', 'Dóc'),
(790, 4, '3627', 'Domaháza'),
(791, 5, '6781', 'Domaszék'),
(792, 3, '5836', 'Dombegyház'),
(793, 3, '5745', 'Dombiratos'),
(794, 16, '7200', 'Dombóvár'),
(795, 15, '4492', 'Dombrád'),
(796, 13, '2182', 'Domony'),
(797, 9, '3263', 'Domoszló'),
(798, 9, '3374', 'Dormánd'),
(799, 11, '2510', 'Dorog'),
(800, 12, '3153', 'Dorogháza'),
(801, 17, '9791', 'Dozmat'),
(802, 1, '6342', 'Drágszél'),
(803, 2, '7849', 'Drávacsehi'),
(804, 2, '7846', 'Drávacsepely'),
(805, 2, '7967', 'Drávafok'),
(806, 14, '7977', 'Drávagárdony'),
(807, 2, '7960', 'Drávaiványi'),
(808, 2, '7967', 'Drávakeresztúr'),
(809, 2, '7850', 'Drávapalkonya'),
(810, 2, '7843', 'Drávapiski'),
(811, 2, '7851', 'Drávaszabolcs'),
(812, 2, '7847', 'Drávaszerdahely'),
(813, 2, '7960', 'Drávasztára'),
(814, 14, '7979', 'Drávatamási'),
(815, 12, '2646', 'Drégelypalánk'),
(816, 4, '3635', 'Dubicsány'),
(817, 18, '8416', 'Dudar'),
(818, 17, '9556', 'Duka'),
(819, 11, '2545', 'Dunaalmás'),
(820, 13, '2023', 'Dunabogdány'),
(821, 1, '6323', 'Dunaegyháza'),
(822, 1, '6513', 'Dunafalva'),
(823, 16, '7020', 'Dunaföldvár'),
(824, 13, '2330', 'Dunaharaszti'),
(825, 13, '2120', 'Dunakeszi'),
(826, 7, '9225', 'Dunakiliti'),
(827, 1, '6328', 'Dunapataj'),
(828, 7, '9235', 'Dunaremete'),
(829, 7, '9174', 'Dunaszeg'),
(830, 2, '7712', 'Dunaszekcső'),
(831, 1, '6333', 'Dunaszentbenedek'),
(832, 16, '7135', 'Dunaszentgyörgy'),
(833, 11, '2897', 'Dunaszentmiklós'),
(834, 7, '9175', 'Dunaszentpál'),
(835, 7, '9226', 'Dunasziget'),
(836, 1, '6325', 'Dunatetétlen'),
(837, 6, '2400', 'Dunaújváros'),
(838, 6, '2407', 'Dunaújváros'),
(839, 13, '2336', 'Dunavarsány'),
(840, 1, '6087', 'Dunavecse'),
(841, 1, '6353', 'Dusnok'),
(842, 16, '7224', 'Dúzs'),
(843, 19, '8357', 'Döbröce'),
(844, 16, '7228', 'Döbrököz'),
(845, 18, '8597', 'Döbrönte'),
(846, 17, '9914', 'Döbörhegy'),
(847, 15, '4495', 'Döge'),
(848, 13, '2344', 'Dömsöd'),
(849, 11, '2027', 'Dömös'),
(850, 7, '9147', 'Dör'),
(851, 18, '8244', 'Dörgicse'),
(852, 17, '9913', 'Döröske'),
(853, 19, '8799', 'Dötk'),
(854, 4, '3721', 'Dövény'),
(855, 7, '9451', 'Ebergőc'),
(856, 8, '4211', 'Ebes'),
(857, 7, '9083', 'Écs'),
(858, 9, '3013', 'Ecséd'),
(859, 12, '3053', 'Ecseg'),
(860, 3, '5515', 'Ecsegfalva'),
(861, 14, '7457', 'Ecseny'),
(862, 13, '2233', 'Ecser'),
(863, 14, '7443', 'Edde'),
(864, 4, '3780', 'Edelény'),
(865, 4, '3783', 'Edelény'),
(866, 7, '9343', 'Edve'),
(867, 9, '3300', 'Eger'),
(868, 9, '3304', 'Eger'),
(869, 2, '7763', 'Egerág'),
(870, 18, '8497', 'Egeralja'),
(871, 19, '8765', 'Egeraracsa'),
(872, 9, '3321', 'Egerbakta'),
(873, 9, '3337', 'Egerbocs'),
(874, 9, '3341', 'Egercsehi'),
(875, 9, '3379', 'Egerfarmos'),
(876, 4, '3461', 'Egerlövő'),
(877, 9, '3394', 'Egerszalók'),
(878, 9, '3328', 'Egerszólát'),
(879, 4, '3757', 'Égerszög'),
(880, 19, '8913', 'Egervár'),
(881, 17, '9684', 'Egervölgy'),
(882, 7, '9314', 'Egyed'),
(883, 8, '4067', 'Egyek'),
(884, 8, '4069', 'Egyek'),
(885, 12, '3043', 'Egyházasdengeleg'),
(886, 7, '9473', 'Egyházasfalu'),
(887, 12, '3185', 'Egyházasgerge'),
(888, 2, '7824', 'Egyházasharaszti'),
(889, 17, '9554', 'Egyházashetye'),
(890, 17, '9781', 'Egyházashollós'),
(891, 18, '8523', 'Egyházaskesző'),
(892, 2, '7347', 'Egyházaskozár'),
(893, 17, '9783', 'Egyházasrádóc'),
(894, 3, '5742', 'Elek'),
(895, 2, '7744', 'Ellend'),
(896, 6, '2424', 'Előszállás'),
(897, 4, '3432', 'Emőd'),
(898, 4, '3854', 'Encs'),
(899, 4, '3860', 'Encs'),
(900, 15, '4374', 'Encsencs'),
(901, 12, '3165', 'Endrefalva'),
(902, 2, '7973', 'Endrőc'),
(903, 7, '9143', 'Enese'),
(904, 6, '8130', 'Enying'),
(905, 6, '8131', 'Enying'),
(906, 5, '6624', 'Eperjes'),
(907, 15, '4646', 'Eperjeske'),
(908, 18, '8413', 'Eplény'),
(909, 11, '2526', 'Epöl'),
(910, 6, '2451', 'Ercsi'),
(911, 6, '2453', 'Ercsi'),
(912, 13, '2030', 'Érd'),
(913, 13, '2035', 'Érd'),
(914, 13, '2036', 'Érd'),
(915, 4, '3932', 'Erdőbénye'),
(916, 4, '3935', 'Erdőhorváti'),
(917, 13, '2113', 'Erdőkertes'),
(918, 12, '2176', 'Erdőkürt'),
(919, 9, '3252', 'Erdőkövesd'),
(920, 2, '7735', 'Erdősmárok'),
(921, 2, '7723', 'Erdősmecske'),
(922, 12, '2177', 'Erdőtarcsa'),
(923, 9, '3358', 'Erdőtelek'),
(924, 9, '3295', 'Erk'),
(925, 15, '4245', 'Érpatak'),
(926, 1, '6347', 'Érsekcsanád'),
(927, 1, '6348', 'Érsekhalma'),
(928, 12, '2659', 'Érsekvadkert'),
(929, 16, '7093', 'Értény'),
(930, 2, '7661', 'Erzsébet'),
(931, 8, '4124', 'Esztár'),
(932, 19, '8882', 'Eszteregnye'),
(933, 19, '8742', 'Esztergályhorváti'),
(934, 11, '2500', 'Esztergom'),
(935, 11, '2509', 'Esztergom'),
(936, 11, '2947', 'Ete'),
(937, 12, '3136', 'Etes'),
(938, 6, '2091', 'Etyek'),
(939, 15, '4354', 'Fábiánháza'),
(940, 5, '6625', 'Fábiánsebestyén'),
(941, 16, '7136', 'Fácánkert'),
(942, 16, '7133', 'Fadd'),
(943, 16, '7139', 'Fadd'),
(944, 4, '3865', 'Fáj'),
(945, 1, '6352', 'Fajsz'),
(946, 4, '3855', 'Fancsal'),
(947, 7, '9321', 'Farád'),
(948, 18, '8582', 'Farkasgyepű'),
(949, 4, '3608', 'Farkaslyuk'),
(950, 13, '2765', 'Farmos'),
(951, 2, '7732', 'Fazekasboda'),
(952, 9, '3255', 'Fedémes'),
(953, 10, '5213', 'Fegyvernek'),
(954, 10, '5231', 'Fegyvernek'),
(955, 15, '4900', 'Fehérgyarmat'),
(956, 7, '9163', 'Fehértó'),
(957, 6, '8052', 'Fehérvárcsurgó'),
(958, 2, '7724', 'Feked'),
(959, 7, '9211', 'Feketeerdő'),
(960, 6, '8086', 'Felcsút'),
(961, 9, '3352', 'Feldebrő'),
(962, 5, '6645', 'Felgyő'),
(963, 7, '9122', 'Felpéc'),
(964, 4, '3985', 'Felsőberecki'),
(965, 17, '9794', 'Felsőcsatár'),
(966, 4, '3847', 'Felsődobsza'),
(967, 2, '7370', 'Felsőegerszeg'),
(968, 4, '3837', 'Felsőgagy'),
(969, 17, '9934', 'Felsőjánosfa'),
(970, 4, '3722', 'Felsőkelecsény'),
(971, 1, '6055', 'Felsőlajos'),
(972, 17, '9918', 'Felsőmarác'),
(973, 14, '7456', 'Felsőmocsolád'),
(974, 16, '7175', 'Felsőnána'),
(975, 4, '3721', 'Felsőnyárád'),
(976, 16, '7099', 'Felsőnyék'),
(977, 19, '8380', 'Felsőpáhok'),
(978, 13, '2363', 'Felsőpakony'),
(979, 12, '2611', 'Felsőpetény'),
(980, 19, '8767', 'Felsőrajk'),
(981, 4, '3989', 'Felsőregmec'),
(982, 19, '8973', 'Felsőszenterzsébet'),
(983, 1, '6447', 'Felsőszentiván'),
(984, 2, '7968', 'Felsőszentmárton'),
(985, 17, '9985', 'Felsőszölnök'),
(986, 9, '3324', 'Felsőtárkány'),
(987, 4, '3735', 'Felsőtelekes'),
(988, 12, '3067', 'Felsőtold'),
(989, 4, '3814', 'Felsővadász'),
(990, 4, '3561', 'Felsőzsolca'),
(991, 18, '8227', 'Felsőörs'),
(992, 15, '4621', 'Fényeslitke'),
(993, 7, '8432', 'Fenyőfő'),
(994, 5, '6774', 'Ferencszállás'),
(995, 7, '9493', 'Fertőboz'),
(996, 7, '9431', 'Fertőd'),
(997, 7, '9433', 'Fertőd'),
(998, 7, '9442', 'Fertőendréd'),
(999, 7, '9492', 'Fertőhomok'),
(1000, 7, '9421', 'Fertőrákos'),
(1001, 7, '9444', 'Fertőszentmiklós'),
(1002, 7, '9436', 'Fertőszéplak'),
(1003, 14, '7282', 'Fiad'),
(1004, 4, '3994', 'Filkeháza'),
(1005, 19, '8835', 'Fityeház'),
(1006, 1, '6331', 'Foktő'),
(1007, 8, '4090', 'Folyás'),
(1008, 14, '7271', 'Fonó'),
(1009, 4, '3893', 'Fony'),
(1010, 14, '8732', 'Főnyed'),
(1011, 14, '8640', 'Fonyód'),
(1012, 14, '8644', 'Fonyód'),
(1013, 5, '6793', 'Forráskút'),
(1014, 4, '3849', 'Forró'),
(1015, 13, '2151', 'Fót'),
(1016, 4, '3864', 'Fulókércs'),
(1017, 8, '4141', 'Furta'),
(1018, 6, '8157', 'Füle'),
(1019, 15, '4964', 'Fülesd'),
(1020, 15, '4754', 'Fülpösdaróc'),
(1021, 8, '4266', 'Fülöp'),
(1022, 1, '6042', 'Fülöpháza'),
(1023, 1, '6116', 'Fülöpjakab'),
(1024, 1, '6085', 'Fülöpszállás'),
(1025, 16, '7087', 'Fürged'),
(1026, 4, '3996', 'Füzér'),
(1027, 4, '3994', 'Füzérkajata'),
(1028, 4, '3997', 'Füzérkomlós'),
(1029, 4, '3993', 'Füzérradvány'),
(1030, 9, '3390', 'Füzesabony'),
(1031, 3, '5525', 'Füzesgyarmat'),
(1032, 19, '8777', 'Füzvölgy'),
(1033, 5, '6922', 'Földeák'),
(1034, 8, '4177', 'Földes'),
(1035, 8, '4122', 'Gáborján'),
(1036, 19, '8969', 'Gáborjánháza'),
(1037, 15, '4972', 'Gacsály'),
(1038, 14, '7276', 'Gadács'),
(1039, 14, '8716', 'Gadány'),
(1040, 4, '3815', 'Gadna'),
(1041, 3, '5932', 'Gádoros'),
(1042, 4, '3837', 'Gagyapáti'),
(1043, 4, '3817', 'Gagybátor'),
(1044, 4, '3816', 'Gagyvendégi'),
(1045, 19, '8754', 'Galambok'),
(1046, 12, '2686', 'Galgaguta'),
(1047, 13, '2681', 'Galgagyörk'),
(1048, 13, '2193', 'Galgahévíz'),
(1049, 13, '2183', 'Galgamácsa'),
(1050, 14, '7473', 'Gálosfa'),
(1051, 4, '3752', 'Galvács'),
(1052, 14, '8685', 'Gamás'),
(1053, 18, '8597', 'Ganna'),
(1054, 6, '8082', 'Gánt'),
(1055, 1, '6522', 'Gara'),
(1056, 12, '3067', 'Garáb'),
(1057, 19, '8747', 'Garabonc'),
(1058, 4, '3873', 'Garadna'),
(1059, 15, '4976', 'Garbolc'),
(1060, 6, '2483', 'Gárdony'),
(1061, 6, '2484', 'Gárdony'),
(1062, 6, '2485', 'Gárdony'),
(1063, 2, '7812', 'Garé'),
(1064, 17, '9952', 'Gasztony'),
(1065, 1, '6111', 'Gátér'),
(1066, 15, '4471', 'Gávavencsellő'),
(1067, 15, '4472', 'Gávavencsellő'),
(1068, 15, '4754', 'Géberjén'),
(1069, 18, '8543', 'Gecse'),
(1070, 1, '6334', 'Géderlak'),
(1071, 15, '4517', 'Gégény'),
(1072, 4, '3444', 'Gelej'),
(1073, 15, '4935', 'Gelénes'),
(1074, 19, '8981', 'Gellénháza'),
(1075, 19, '8774', 'Gelse'),
(1076, 19, '8774', 'Gelsesziget'),
(1077, 15, '4567', 'Gemzse'),
(1078, 17, '9721', 'Gencsapáti'),
(1079, 17, '9672', 'Gérce'),
(1080, 2, '7951', 'Gerde'),
(1081, 3, '5925', 'Gerendás'),
(1082, 2, '7362', 'Gerényes'),
(1083, 2, '7733', 'Geresdlak'),
(1084, 16, '7134', 'Gerjen'),
(1085, 17, '9813', 'Gersekarát'),
(1086, 3, '5734', 'Geszt'),
(1087, 4, '3715', 'Gesztely'),
(1088, 4, '3923', 'Gesztely'),
(1089, 15, '4232', 'Geszteréd'),
(1090, 19, '8762', 'Gétye'),
(1091, 18, '8435', 'Gic'),
(1092, 14, '7527', 'Gige'),
(1093, 2, '7954', 'Gilvánfa'),
(1094, 4, '3578', 'Girincs'),
(1095, 18, '8346', 'Gógánfa'),
(1096, 4, '3906', 'Golop'),
(1097, 13, '2217', 'Gomba'),
(1098, 19, '8984', 'Gombosszeg'),
(1099, 17, '9625', 'Gór'),
(1100, 2, '7853', 'Gordisa'),
(1101, 19, '8913', 'Gősfa'),
(1102, 19, '8978', 'Gosztola'),
(1103, 16, '7162', 'Grábóc'),
(1104, 15, '4842', 'Gulács'),
(1105, 19, '8951', 'Gutorfölde'),
(1106, 13, '2360', 'Gyál'),
(1107, 7, '9474', 'Gyalóka'),
(1108, 17, '9774', 'Gyanógeregye'),
(1109, 7, '9126', 'Gyarmat'),
(1110, 14, '8851', 'Gyékényes'),
(1111, 19, '8315', 'Gyenesdiás'),
(1112, 18, '8473', 'Gyepükaján'),
(1113, 11, '2821', 'Gyermely'),
(1114, 2, '7668', 'Gyód'),
(1115, 3, '5500', 'Gyomaendrőd'),
(1116, 3, '5502', 'Gyomaendrőd'),
(1117, 7, '9000', 'Győr'),
(1118, 7, '9011', 'Győr'),
(1119, 7, '9012', 'Győr'),
(1120, 7, '9019', 'Győr'),
(1121, 7, '9021', 'Győr'),
(1122, 7, '9022', 'Győr'),
(1123, 7, '9023', 'Győr'),
(1124, 7, '9024', 'Győr'),
(1125, 7, '9025', 'Győr'),
(1126, 7, '9026', 'Győr'),
(1127, 7, '9027', 'Győr'),
(1128, 7, '9028', 'Győr'),
(1129, 7, '9029', 'Győr'),
(1130, 7, '9030', 'Győr'),
(1131, 7, '9093', 'Győrasszonyfa'),
(1132, 7, '9173', 'Győrladamér'),
(1133, 7, '9363', 'Gyóró'),
(1134, 7, '9084', 'Győrság'),
(1135, 7, '9121', 'Győrszemere'),
(1136, 7, '9161', 'Győrsövényház'),
(1137, 15, '4752', 'Győrtelek'),
(1138, 7, '9081', 'Győrújbarát'),
(1139, 7, '9171', 'Győrújfalu'),
(1140, 17, '9821', 'Győrvár'),
(1141, 7, '9172', 'Győrzámoly'),
(1142, 15, '4625', 'Győröcske'),
(1143, 14, '8692', 'Gyugy'),
(1144, 3, '5700', 'Gyula'),
(1145, 3, '5703', 'Gyula'),
(1146, 3, '5711', 'Gyula'),
(1147, 15, '4545', 'Gyulaháza'),
(1148, 16, '7227', 'Gyulaj'),
(1149, 18, '8286', 'Gyulakeszi'),
(1150, 6, '2464', 'Gyúró'),
(1151, 19, '8932', 'Gyűrűs'),
(1152, 15, '4733', 'Gyügye'),
(1153, 15, '4813', 'Gyüre'),
(1154, 13, '2230', 'Gyömrő'),
(1155, 7, '9124', 'Gyömöre'),
(1156, 2, '7954', 'Gyöngyfa'),
(1157, 9, '3200', 'Gyöngyös'),
(1158, 9, '3221', 'Gyöngyös'),
(1159, 9, '3232', 'Gyöngyös'),
(1160, 9, '3233', 'Gyöngyös'),
(1161, 17, '9723', 'Gyöngyösfalu'),
(1162, 9, '3212', 'Gyöngyöshalász'),
(1163, 2, '7972', 'Gyöngyösmellék'),
(1164, 9, '3211', 'Gyöngyösoroszi'),
(1165, 9, '3035', 'Gyöngyöspata'),
(1166, 9, '3231', 'Gyöngyössolymos'),
(1167, 9, '3036', 'Gyöngyöstarján'),
(1168, 16, '7064', 'Gyönk'),
(1169, 16, '7352', 'Györe'),
(1170, 4, '3954', 'Györgytarló'),
(1171, 16, '7045', 'Györköny'),
(1172, 13, '2131', 'Göd'),
(1173, 13, '2132', 'Göd'),
(1174, 2, '7385', 'Gödre'),
(1175, 2, '7386', 'Gödre'),
(1176, 13, '2100', 'Gödöllő'),
(1177, 14, '7272', 'Gölle'),
(1178, 4, '3728', 'Gömörszőlős'),
(1179, 4, '3895', 'Gönc'),
(1180, 4, '3894', 'Göncruszka'),
(1181, 7, '9071', 'Gönyű'),
(1182, 8, '4075', 'Görbeháza'),
(1183, 2, '7833', 'Görcsöny'),
(1184, 2, '7728', 'Görcsönydoboka'),
(1185, 14, '7553', 'Görgeteg'),
(1186, 14, '8694', 'Hács'),
(1187, 19, '8992', 'Hagyárosbörönd'),
(1188, 19, '8771', 'Hahót'),
(1189, 8, '4273', 'Hajdúbagos'),
(1190, 8, '4074', 'Hajdúböszörmény'),
(1191, 8, '4086', 'Hajdúböszörmény'),
(1192, 8, '4220', 'Hajdúböszörmény'),
(1193, 8, '4224', 'Hajdúböszörmény'),
(1194, 8, '4087', 'Hajdúdorog'),
(1195, 8, '4242', 'Hajdúhadház'),
(1196, 8, '4080', 'Hajdúnánás'),
(1197, 8, '4085', 'Hajdúnánás'),
(1198, 8, '4251', 'Hajdúsámson'),
(1199, 8, '4200', 'Hajdúszoboszló'),
(1200, 8, '4212', 'Hajdúszovát'),
(1201, 14, '7473', 'Hajmás'),
(1202, 18, '8192', 'Hajmáskér'),
(1203, 1, '6344', 'Hajós'),
(1204, 17, '9814', 'Halastó'),
(1205, 7, '9228', 'Halászi'),
(1206, 13, '2314', 'Halásztelek'),
(1207, 18, '8452', 'Halimba'),
(1208, 4, '3842', 'Halmaj'),
(1209, 9, '3273', 'Halmajugra'),
(1210, 17, '9917', 'Halogy'),
(1211, 4, '3795', 'Hangács'),
(1212, 4, '3626', 'Hangony'),
(1213, 6, '2434', 'Hantos'),
(1214, 17, '9784', 'Harasztifalu'),
(1215, 16, '7172', 'Harc'),
(1216, 7, '9422', 'Harka'),
(1217, 1, '6136', 'Harkakötöny'),
(1218, 2, '7815', 'Harkány'),
(1219, 14, '7585', 'Háromfa'),
(1220, 4, '3936', 'Háromhuta'),
(1221, 4, '3555', 'Harsány'),
(1222, 18, '8442', 'Hárskút'),
(1223, 1, '6326', 'Harta'),
(1224, 1, '6327', 'Harta'),
(1225, 2, '7745', 'Hásságy'),
(1226, 9, '3000', 'Hatvan'),
(1227, 7, '9178', 'Hédervár'),
(1228, 14, '7533', 'Hedrehely'),
(1229, 18, '8296', 'Hegyesd'),
(1230, 7, '9222', 'Hegyeshalom'),
(1231, 17, '9631', 'Hegyfalu'),
(1232, 17, '9915', 'Hegyháthodász'),
(1233, 2, '7348', 'Hegyhátmaróc'),
(1234, 17, '9915', 'Hegyhátsál'),
(1235, 17, '9934', 'Hegyhátszentjakab'),
(1236, 17, '9931', 'Hegyhátszentmárton'),
(1237, 17, '9826', 'Hegyhátszentpéter'),
(1238, 7, '9437', 'Hegykő'),
(1239, 18, '8265', 'Hegymagas'),
(1240, 4, '3786', 'Hegymeg'),
(1241, 2, '7837', 'Hegyszentmárton'),
(1242, 12, '3041', 'Héhalom'),
(1243, 4, '3892', 'Hejce'),
(1244, 4, '3593', 'Hejőbába'),
(1245, 4, '3597', 'Hejőkeresztúr'),
(1246, 4, '3588', 'Hejőkürt'),
(1247, 4, '3594', 'Hejőpapi'),
(1248, 4, '3595', 'Hejőszalonta'),
(1249, 2, '7683', 'Helesfa'),
(1250, 1, '6034', 'Helvécia'),
(1251, 8, '4123', 'Hencida'),
(1252, 14, '7532', 'Hencse'),
(1253, 13, '2053', 'Herceghalom'),
(1254, 4, '3958', 'Hercegkút'),
(1255, 1, '6525', 'Hercegszántó'),
(1256, 9, '3011', 'Heréd'),
(1257, 11, '2832', 'Héreg'),
(1258, 12, '2677', 'Herencsény'),
(1259, 18, '8440', 'Herend'),
(1260, 14, '7587', 'Heresznye'),
(1261, 15, '4735', 'Hermánszeg'),
(1262, 13, '2376', 'Hernád'),
(1263, 4, '3853', 'Hernádbűd'),
(1264, 4, '3887', 'Hernádcéce'),
(1265, 4, '3563', 'Hernádkak'),
(1266, 4, '3846', 'Hernádkércs'),
(1267, 4, '3564', 'Hernádnémeti'),
(1268, 4, '3874', 'Hernádpetri'),
(1269, 4, '3852', 'Hernádszentandrás'),
(1270, 4, '3875', 'Hernádszurdok'),
(1271, 4, '3874', 'Hernádvécse'),
(1272, 19, '8957', 'Hernyék'),
(1273, 4, '3655', 'Hét'),
(1274, 15, '4843', 'Hetefejércse'),
(1275, 14, '7432', 'Hetes'),
(1276, 2, '7681', 'Hetvehely'),
(1277, 18, '8344', 'Hetyefő'),
(1278, 9, '3360', 'Heves'),
(1279, 9, '3322', 'Hevesaranyos'),
(1280, 9, '3383', 'Hevesvezekény'),
(1281, 19, '8380', 'Hévíz'),
(1282, 13, '2192', 'Hévízgyörk'),
(1283, 2, '7696', 'Hidas'),
(1284, 4, '3876', 'Hidasnémeti'),
(1285, 18, '8247', 'Hidegkút'),
(1286, 7, '9491', 'Hidegség'),
(1287, 4, '3768', 'Hidvégardó'),
(1288, 2, '7735', 'Himesháza'),
(1289, 7, '9362', 'Himod'),
(1290, 2, '7838', 'Hirics'),
(1291, 2, '7971', 'Hobol'),
(1292, 15, '4334', 'Hodász'),
(1293, 5, '6800', 'Hódmezővásárhely'),
(1294, 5, '6806', 'Hódmezővásárhely'),
(1295, 16, '7191', 'Hőgyész'),
(1296, 14, '8731', 'Hollád'),
(1297, 4, '3999', 'Hollóháza'),
(1298, 12, '3176', 'Hollókő'),
(1299, 18, '8563', 'Homokbödöge'),
(1300, 19, '8777', 'Homokkomárom'),
(1301, 1, '6341', 'Homokmégy'),
(1302, 14, '7537', 'Homokszentgyörgy'),
(1303, 2, '7716', 'Homorúd'),
(1304, 4, '3812', 'Homrogd'),
(1305, 12, '2647', 'Hont'),
(1306, 12, '2658', 'Horpács'),
(1307, 9, '3014', 'Hort'),
(1308, 8, '4071', 'Hortobágy'),
(1309, 2, '7935', 'Horváthertelend'),
(1310, 17, '9796', 'Horvátlövő'),
(1311, 17, '9733', 'Horvátzsidány'),
(1312, 2, '7694', 'Hosszúhetény'),
(1313, 8, '4274', 'Hosszúpályi'),
(1314, 17, '9676', 'Hosszúpereszteg'),
(1315, 14, '8716', 'Hosszúvíz'),
(1316, 19, '8777', 'Hosszúvölgy'),
(1317, 18, '8475', 'Hosztót'),
(1318, 19, '8991', 'Hottó'),
(1319, 12, '2672', 'Hugyag'),
(1320, 3, '5555', 'Hunya'),
(1321, 10, '5063', 'Hunyadfalva'),
(1322, 2, '7678', 'Husztót'),
(1323, 7, '9361', 'Hövej'),
(1324, 2, '7935', 'Ibafa'),
(1325, 19, '8984', 'Iborfia'),
(1326, 15, '4484', 'Ibrány'),
(1327, 14, '7275', 'Igal'),
(1328, 6, '7015', 'Igar'),
(1329, 6, '7016', 'Igar'),
(1330, 4, '3459', 'Igrici'),
(1331, 14, '8726', 'Iharos'),
(1332, 14, '8725', 'Iharosberény'),
(1333, 17, '9756', 'Ikervár'),
(1334, 13, '2181', 'Iklad'),
(1335, 17, '9634', 'Iklanberény'),
(1336, 19, '8958', 'Iklódbördőce'),
(1337, 7, '9141', 'Ikrény'),
(1338, 12, '2675', 'Iliny'),
(1339, 15, '4566', 'Ilk'),
(1340, 2, '7775', 'Illocska'),
(1341, 4, '3724', 'Imola'),
(1342, 1, '6238', 'Imrehegy'),
(1343, 4, '3851', 'Ináncs'),
(1344, 13, '2365', 'Inárcs'),
(1345, 14, '8724', 'Inke'),
(1346, 2, '7847', 'Ipacsfa'),
(1347, 13, '2631', 'Ipolydamásd'),
(1348, 12, '3138', 'Ipolytarnóc'),
(1349, 13, '2633', 'Ipolytölgyes'),
(1350, 12, '2669', 'Ipolyvece'),
(1351, 16, '7095', 'Iregszemcse'),
(1352, 4, '3786', 'Irota'),
(1353, 13, '2117', 'Isaszeg'),
(1354, 17, '9941', 'Ispánk'),
(1355, 9, '3253', 'Istenmezeje'),
(1356, 14, '7987', 'Istvándi'),
(1357, 6, '8043', 'Iszkaszentgyörgy'),
(1358, 18, '8493', 'Iszkáz'),
(1359, 6, '8045', 'Isztimér'),
(1360, 9, '3248', 'Ivád'),
(1361, 7, '9374', 'Iván'),
(1362, 2, '7772', 'Ivánbattyán'),
(1363, 17, '9931', 'Ivánc'),
(1364, 6, '2454', 'Iváncsa'),
(1365, 2, '7781', 'Ivándárda'),
(1366, 16, '7353', 'Izmény'),
(1367, 1, '6070', 'Izsák'),
(1368, 4, '3741', 'Izsófalva'),
(1369, 16, '7362', 'Jágónak'),
(1370, 17, '9798', 'Ják'),
(1371, 1, '6078', 'Jakabszállás'),
(1372, 17, '9643', 'Jákfa'),
(1373, 4, '3721', 'Jákfalva'),
(1374, 14, '7525', 'Jákó'),
(1375, 15, '4841', 'Jánd'),
(1376, 15, '4741', 'Jánkmajtis'),
(1377, 1, '6440', 'Jánoshalma'),
(1378, 17, '9545', 'Jánosháza'),
(1379, 10, '5143', 'Jánoshida'),
(1380, 7, '9241', 'Jánossomorja'),
(1381, 7, '9242', 'Jánossomorja'),
(1382, 4, '3664', 'Járdánháza'),
(1383, 15, '4337', 'Jármi'),
(1384, 18, '8424', 'Jásd'),
(1385, 10, '5124', 'Jászágó'),
(1386, 10, '5054', 'Jászalsószentgyörgy'),
(1387, 10, '5130', 'Jászapáti'),
(1388, 10, '5123', 'Jászárokszállás'),
(1389, 10, '5100', 'Jászberény'),
(1390, 10, '5152', 'Jászberény'),
(1391, 10, '5144', 'Jászboldogháza'),
(1392, 10, '5122', 'Jászdózsa'),
(1393, 10, '5111', 'Jászfelsőszentgyörgy'),
(1394, 10, '5126', 'Jászfényszaru'),
(1395, 10, '5135', 'Jászivány'),
(1396, 10, '5121', 'Jászjákóhalma'),
(1397, 13, '2746', 'Jászkarajenő'),
(1398, 10, '5137', 'Jászkisér'),
(1399, 10, '5055', 'Jászladány'),
(1400, 10, '5136', 'Jászszentandrás'),
(1401, 1, '6133', 'Jászszentlászló'),
(1402, 10, '5141', 'Jásztelek'),
(1403, 15, '4611', 'Jéke'),
(1404, 6, '8146', 'Jenő'),
(1405, 7, '9323', 'Jobaháza'),
(1406, 12, '3063', 'Jobbágyi'),
(1407, 4, '3758', 'Jósvafő'),
(1408, 14, '7431', 'Juta'),
(1409, 8, '4183', 'Kaba'),
(1410, 19, '8773', 'Kacorlak'),
(1411, 4, '3424', 'Kács'),
(1412, 2, '7940', 'Kacsóta'),
(1413, 14, '7530', 'Kadarkút'),
(1414, 7, '9123', 'Kajárpéc'),
(1415, 6, '2472', 'Kajászó'),
(1416, 16, '7051', 'Kajdacs'),
(1417, 16, '7122', 'Kakasd'),
(1418, 2, '7958', 'Kákics'),
(1419, 13, '2366', 'Kakucs'),
(1420, 9, '3350', 'Kál'),
(1421, 16, '7194', 'Kalaznó'),
(1422, 17, '9673', 'Káld'),
(1423, 12, '2175', 'Kálló'),
(1424, 19, '8785', 'Kallósd'),
(1425, 15, '4324', 'Kállósemjén'),
(1426, 14, '7538', 'Kálmáncsa'),
(1427, 15, '4434', 'Kálmánháza'),
(1428, 19, '8988', 'Kálócfa'),
(1429, 1, '6300', 'Kalocsa'),
(1430, 6, '8124', 'Káloz'),
(1431, 17, '9841', 'Kám'),
(1432, 18, '8469', 'Kamond'),
(1433, 3, '5673', 'Kamut'),
(1434, 4, '3735', 'Kánó'),
(1435, 15, '4335', 'Kántorjánosi'),
(1436, 4, '3821', 'Kány'),
(1437, 14, '8667', 'Kánya'),
(1438, 19, '8956', 'Kányavár'),
(1439, 18, '8294', 'Kapolcs'),
(1440, 9, '3355', 'Kápolna'),
(1441, 6, '2475', 'Kápolnásnyék'),
(1442, 14, '8671', 'Kapoly'),
(1443, 14, '7523', 'Kaposfő'),
(1444, 14, '7473', 'Kaposgyarmat'),
(1445, 14, '7261', 'Kaposhomok'),
(1446, 14, '7258', 'Kaposkeresztúr'),
(1447, 14, '7521', 'Kaposmérő'),
(1448, 16, '7251', 'Kapospula'),
(1449, 16, '7361', 'Kaposszekcső'),
(1450, 14, '7476', 'Kaposszerdahely'),
(1451, 14, '7522', 'Kaposújlak'),
(1452, 14, '7400', 'Kaposvár'),
(1453, 18, '8471', 'Káptalanfa'),
(1454, 18, '8283', 'Káptalantóti'),
(1455, 7, '9330', 'Kapuvár'),
(1456, 7, '9339', 'Kapuvár'),
(1457, 14, '7285', 'Kára'),
(1458, 9, '3281', 'Karácsond'),
(1459, 14, '8676', 'Karád'),
(1460, 17, '9547', 'Karakó'),
(1461, 18, '8491', 'Karakószörcsök'),
(1462, 12, '3181', 'Karancsalja'),
(1463, 12, '3137', 'Karancsberény'),
(1464, 12, '3183', 'Karancskeszi'),
(1465, 12, '3182', 'Karancslapujtő'),
(1466, 12, '3163', 'Karancsság'),
(1467, 2, '7333', 'Kárász'),
(1468, 10, '5300', 'Karcag'),
(1469, 4, '3963', 'Karcsa'),
(1470, 3, '5552', 'Kardos'),
(1471, 3, '5945', 'Kardoskút'),
(1472, 19, '8354', 'Karmacs'),
(1473, 7, '9182', 'Károlyháza'),
(1474, 4, '3962', 'Karos'),
(1475, 13, '2173', 'Kartal'),
(1476, 2, '7827', 'Kásád'),
(1477, 1, '6211', 'Kaskantyú'),
(1478, 14, '7977', 'Kastélyosdombó'),
(1479, 3, '5948', 'Kaszaper'),
(1480, 14, '7564', 'Kaszó'),
(1481, 2, '7914', 'Katádfa'),
(1482, 17, '9915', 'Katafa'),
(1483, 2, '7661', 'Kátoly'),
(1484, 1, '6455', 'Katymár'),
(1485, 13, '2215', 'Káva'),
(1486, 19, '8994', 'Kávás'),
(1487, 12, '3127', 'Kazár'),
(1488, 12, '3147', 'Kazár'),
(1489, 4, '3700', 'Kazincbarcika'),
(1490, 4, '3831', 'Kázsmárk'),
(1491, 14, '7274', 'Kazsok'),
(1492, 1, '6237', 'Kecel'),
(1493, 11, '2852', 'Kecskéd'),
(1494, 1, '6000', 'Kecskemét'),
(1495, 1, '6008', 'Kecskemét'),
(1496, 1, '6044', 'Kecskemét'),
(1497, 19, '8784', 'Kehidakustány'),
(1498, 15, '4515', 'Kék'),
(1499, 15, '4494', 'Kékcse'),
(1500, 4, '3899', 'Kéked'),
(1501, 2, '7661', 'Kékesd'),
(1502, 18, '8254', 'Kékkút'),
(1503, 1, '6423', 'Kelebia'),
(1504, 17, '9549', 'Keléd'),
(1505, 4, '3728', 'Kelemér'),
(1506, 1, '6444', 'Kéleshalom'),
(1507, 14, '8714', 'Kelevíz'),
(1508, 15, '4501', 'Kemecse'),
(1509, 13, '2638', 'Kemence'),
(1510, 19, '8931', 'Kemendollár'),
(1511, 18, '8516', 'Kemeneshőgyész'),
(1512, 17, '9553', 'Kemeneskápolna'),
(1513, 17, '9522', 'Kemenesmagasi'),
(1514, 17, '9511', 'Kemenesmihályfa'),
(1515, 17, '9544', 'Kemenespálfa'),
(1516, 17, '9521', 'Kemenesszentmárton'),
(1517, 18, '8518', 'Kemenesszentpéter'),
(1518, 17, '9517', 'Kemenessömjén'),
(1519, 19, '8995', 'Keménfa'),
(1520, 2, '7843', 'Kémes'),
(1521, 17, '9923', 'Kemestaródfa'),
(1522, 2, '7839', 'Kemse'),
(1523, 10, '5331', 'Kenderes'),
(1524, 10, '5349', 'Kenderes'),
(1525, 17, '9752', 'Kenéz'),
(1526, 4, '3955', 'Kenézlő'),
(1527, 10, '5083', 'Kengyel'),
(1528, 17, '9514', 'Kenyeri'),
(1529, 17, '9945', 'Kercaszomor'),
(1530, 14, '7256', 'Kercseliget'),
(1531, 9, '3396', 'Kerecsend'),
(1532, 19, '8745', 'Kerecseny'),
(1533, 1, '6041', 'Kerekegyháza'),
(1534, 14, '8618', 'Kereki'),
(1535, 11, '2882', 'Kerékteleki'),
(1536, 13, '2144', 'Kerepes'),
(1537, 13, '2145', 'Kerepes'),
(1538, 4, '3821', 'Keresztéte'),
(1539, 19, '8971', 'Kerkabarabás'),
(1540, 19, '8973', 'Kerkafalva'),
(1541, 19, '8973', 'Kerkakutas'),
(1542, 17, '9944', 'Kerkáskápolna'),
(1543, 19, '8874', 'Kerkaszentkirály'),
(1544, 19, '8879', 'Kerkateskánd'),
(1545, 15, '4912', 'Kérsemjén'),
(1546, 18, '8492', 'Kerta'),
(1547, 3, '5526', 'Kertészsziget'),
(1548, 12, '2616', 'Keszeg'),
(1549, 4, '3579', 'Kesznyéten'),
(1550, 16, '7062', 'Keszőhidegkút'),
(1551, 19, '8360', 'Keszthely'),
(1552, 11, '2517', 'Kesztölc'),
(1553, 2, '7668', 'Keszü'),
(1554, 12, '2655', 'Kétbodony'),
(1555, 3, '5741', 'Kétegyháza'),
(1556, 14, '8713', 'Kéthely'),
(1557, 10, '5411', 'Kétpó'),
(1558, 3, '5674', 'Kétsoprony'),
(1559, 2, '7975', 'Kétújfalu'),
(1560, 17, '9982', 'Kétvölgy'),
(1561, 16, '7174', 'Kéty'),
(1562, 3, '5744', 'Kevermes'),
(1563, 19, '8774', 'Kilimán'),
(1564, 7, '9181', 'Kimle'),
(1565, 6, '8044', 'Kincsesbánya'),
(1566, 4, '3657', 'Királd'),
(1567, 2, '7953', 'Királyegyháza'),
(1568, 5, '6911', 'Királyhegyes'),
(1569, 18, '8195', 'Királyszentistván'),
(1570, 18, '8284', 'Kisapáti'),
(1571, 6, '2428', 'Kisapostag'),
(1572, 15, '4921', 'Kisar'),
(1573, 14, '7523', 'Kisasszond'),
(1574, 2, '7954', 'Kisasszonyfa'),
(1575, 7, '9133', 'Kisbabot'),
(1576, 12, '3046', 'Kisbágyon'),
(1577, 7, '9062', 'Kisbajcs'),
(1578, 14, '7542', 'Kisbajom'),
(1579, 14, '7282', 'Kisbárapáti'),
(1580, 12, '3075', 'Kisbárkány'),
(1581, 11, '2870', 'Kisbér'),
(1582, 11, '2879', 'Kisbér'),
(1583, 14, '8693', 'Kisberény'),
(1584, 18, '8477', 'Kisberzseny'),
(1585, 2, '7391', 'Kisbeszterce'),
(1586, 7, '9234', 'Kisbodak'),
(1587, 19, '8925', 'Kisbucsa'),
(1588, 2, '7756', 'Kisbudmér'),
(1589, 4, '3578', 'Kiscsécs'),
(1590, 19, '8888', 'Kiscsehi'),
(1591, 18, '8494', 'Kiscsősz'),
(1592, 2, '7814', 'Kisdér'),
(1593, 2, '7985', 'Kisdobsza'),
(1594, 3, '5837', 'Kisdombegyház'),
(1595, 16, '7159', 'Kisdorog'),
(1596, 12, '2655', 'Kisecset'),
(1597, 7, '9341', 'Kisfalud'),
(1598, 9, '3256', 'Kisfüzes'),
(1599, 14, '7279', 'Kisgyalán'),
(1600, 4, '3556', 'Kisgyőr'),
(1601, 19, '8356', 'Kisgörbő'),
(1602, 2, '7391', 'Kishajmás'),
(1603, 2, '7800', 'Kisharsány'),
(1604, 12, '3161', 'Kishartyán'),
(1605, 2, '7763', 'Kisherend'),
(1606, 15, '4977', 'Kishódos'),
(1607, 4, '3994', 'Kishuta'),
(1608, 11, '2948', 'Kisigmánd'),
(1609, 2, '7773', 'Kisjakabfalva'),
(1610, 2, '7766', 'Kiskassa'),
(1611, 4, '3843', 'Kiskinizs'),
(1612, 14, '7524', 'Kiskorpád'),
(1613, 1, '6200', 'Kiskőrös'),
(1614, 1, '6100', 'Kiskunfélegyháza'),
(1615, 1, '6400', 'Kiskunhalas'),
(1616, 13, '2340', 'Kiskunlacháza'),
(1617, 1, '6120', 'Kiskunmajsa'),
(1618, 19, '8911', 'Kiskutas'),
(1619, 9, '3384', 'Kisköre'),
(1620, 6, '8156', 'Kisláng'),
(1621, 15, '4325', 'Kisléta'),
(1622, 2, '7775', 'Kislippó'),
(1623, 18, '8446', 'Kislőd'),
(1624, 16, '7356', 'Kismányok'),
(1625, 8, '4126', 'Kismarja'),
(1626, 13, '2623', 'Kismaros'),
(1627, 15, '4737', 'Kisnamény'),
(1628, 9, '3264', 'Kisnána'),
(1629, 13, '2165', 'Kisnémedi'),
(1630, 2, '7759', 'Kisnyárád'),
(1631, 13, '2024', 'Kisoroszi'),
(1632, 15, '4956', 'Kispalád'),
(1633, 19, '8912', 'Kispáli'),
(1634, 18, '8496', 'Kispirit'),
(1635, 17, '9936', 'Kisrákos'),
(1636, 19, '8756', 'Kisrécse'),
(1637, 4, '3965', 'Kisrozvágy'),
(1638, 4, '3627', 'Kissikátor'),
(1639, 17, '9555', 'Kissomlyó'),
(1640, 1, '6421', 'Kisszállás'),
(1641, 16, '7082', 'Kisszékely'),
(1642, 15, '4963', 'Kisszekeres'),
(1643, 2, '7841', 'Kisszentmárton'),
(1644, 19, '8957', 'Kissziget'),
(1645, 18, '8483', 'Kisszőlős'),
(1646, 2, '7981', 'Kistamási'),
(1647, 2, '7823', 'Kistapolca'),
(1648, 13, '2143', 'Kistarcsa'),
(1649, 5, '6760', 'Kistelek'),
(1650, 4, '3553', 'Kistokaj'),
(1651, 19, '8868', 'Kistolmács'),
(1652, 16, '7068', 'Kistormás'),
(1653, 2, '7768', 'Kistótfalu'),
(1654, 10, '5310', 'Kisújszállás'),
(1655, 17, '9772', 'Kisunyom'),
(1656, 15, '4600', 'Kisvárda'),
(1657, 15, '4811', 'Kisvarsány'),
(1658, 19, '8341', 'Kisvásárhely'),
(1659, 2, '7381', 'Kisvaszar'),
(1660, 16, '7183', 'Kisvejke'),
(1661, 5, '6775', 'Kiszombor'),
(1662, 17, '9733', 'Kiszsidány'),
(1663, 5, '6773', 'Klárafalva'),
(1664, 11, '2898', 'Kocs'),
(1665, 13, '2755', 'Kocsér'),
(1666, 16, '7212', 'Kocsola'),
(1667, 15, '4751', 'Kocsord'),
(1668, 13, '2243', 'Kóka'),
(1669, 8, '4284', 'Kokad'),
(1670, 14, '7530', 'Kőkút'),
(1671, 18, '8468', 'Kolontár'),
(1672, 8, '4138', 'Komádi'),
(1673, 11, '2900', 'Komárom'),
(1674, 11, '2903', 'Komárom'),
(1675, 11, '2921', 'Komárom'),
(1676, 4, '3765', 'Komjáti'),
(1677, 2, '7300', 'Komló'),
(1678, 2, '7305', 'Komló'),
(1679, 15, '4765', 'Komlódtótfalu'),
(1680, 14, '7582', 'Komlósd'),
(1681, 4, '3937', 'Komlóska'),
(1682, 15, '4622', 'Komoró'),
(1683, 9, '3356', 'Kompolt'),
(1684, 4, '3775', 'Kondó'),
(1685, 17, '9943', 'Kondorfa'),
(1686, 3, '5553', 'Kondoros'),
(1687, 7, '9144', 'Kóny'),
(1688, 8, '4133', 'Konyár'),
(1689, 7, '9495', 'Kópháza'),
(1690, 16, '7094', 'Koppányszántó'),
(1691, 4, '3886', 'Korlát'),
(1692, 7, '9113', 'Koroncó'),
(1693, 2, '7841', 'Kórós'),
(1694, 14, '8617', 'Kőröshegy'),
(1695, 13, '2745', 'Kőröstetétlen'),
(1696, 13, '2612', 'Kosd'),
(1697, 13, '2625', 'Kóspallag'),
(1698, 6, '8152', 'Kőszárhegy'),
(1699, 17, '9730', 'Kőszeg'),
(1700, 17, '9725', 'Kőszegdoroszló'),
(1701, 17, '9739', 'Kőszegpaty'),
(1702, 17, '9725', 'Kőszegszerdahely'),
(1703, 15, '4482', 'Kótaj');
INSERT INTO `telepulesek` (`id`, `varmegyek_id`, `i_szam`, `telepules`) VALUES
(1704, 10, '5062', 'Kőtelek'),
(1705, 2, '7847', 'Kovácshida'),
(1706, 2, '7678', 'Kovácsszénája'),
(1707, 4, '3992', 'Kovácsvágás'),
(1708, 2, '7673', 'Kővágószőlős'),
(1709, 2, '7675', 'Kővágótőttős'),
(1710, 18, '8254', 'Kővágóörs'),
(1711, 12, '3053', 'Kozárd'),
(1712, 2, '7761', 'Kozármisleny'),
(1713, 19, '8988', 'Kozmadombja'),
(1714, 4, '3821', 'Krasznokvajda'),
(1715, 6, '2458', 'Kulcs'),
(1716, 1, '6097', 'Kunadacs'),
(1717, 3, '5746', 'Kunágota'),
(1718, 1, '6435', 'Kunbaja'),
(1719, 1, '6043', 'Kunbaracs'),
(1720, 10, '5412', 'Kuncsorba'),
(1721, 1, '6413', 'Kunfehértó'),
(1722, 10, '5340', 'Kunhegyes'),
(1723, 10, '5321', 'Kunmadaras'),
(1724, 1, '6096', 'Kunpeszér'),
(1725, 1, '6115', 'Kunszállás'),
(1726, 10, '5440', 'Kunszentmárton'),
(1727, 10, '5449', 'Kunszentmárton'),
(1728, 1, '6090', 'Kunszentmiklós'),
(1729, 7, '9184', 'Kunsziget'),
(1730, 18, '8595', 'Kup'),
(1731, 4, '3813', 'Kupa'),
(1732, 16, '7226', 'Kurd'),
(1733, 4, '3732', 'Kurityán'),
(1734, 19, '8919', 'Kustánszeg'),
(1735, 14, '7541', 'Kutas'),
(1736, 12, '3066', 'Kutasó'),
(1737, 5, '6755', 'Kübekháza'),
(1738, 19, '8978', 'Külsősárd'),
(1739, 18, '9532', 'Külsővat'),
(1740, 18, '8162', 'Küngös'),
(1741, 2, '7334', 'Köblény'),
(1742, 17, '9553', 'Köcsk'),
(1743, 2, '7668', 'Kökény'),
(1744, 15, '4965', 'Kölcse'),
(1745, 16, '7052', 'Kölesd'),
(1746, 2, '7717', 'Kölked'),
(1747, 9, '3372', 'Kömlő'),
(1748, 11, '2853', 'Kömlőd'),
(1749, 1, '6134', 'Kömpöc'),
(1750, 15, '4943', 'Kömörő'),
(1751, 17, '9900', 'Körmend'),
(1752, 17, '9909', 'Körmend'),
(1753, 11, '2851', 'Környe'),
(1754, 4, '3577', 'Köröm'),
(1755, 3, '5516', 'Körösladány'),
(1756, 3, '5539', 'Körösnagyharsány'),
(1757, 8, '4136', 'Körösszakál'),
(1758, 8, '4135', 'Körösszegapáti'),
(1759, 3, '5622', 'Köröstarcsa'),
(1760, 3, '5536', 'Körösújfalu'),
(1761, 14, '8627', 'Kötcse'),
(1762, 3, '5725', 'Kötegyán'),
(1763, 5, '6912', 'Kövegy'),
(1764, 18, '8274', 'Köveskál'),
(1765, 11, '2541', 'Lábatlan'),
(1766, 14, '7551', 'Lábod'),
(1767, 4, '3967', 'Lácacséke'),
(1768, 14, '7535', 'Lad'),
(1769, 1, '6045', 'Ladánybene'),
(1770, 4, '3780', 'Ládbesenyő'),
(1771, 6, '8136', 'Lajoskomárom'),
(1772, 1, '6050', 'Lajosmizse'),
(1773, 4, '3786', 'Lak'),
(1774, 19, '8913', 'Lakhegy'),
(1775, 1, '6065', 'Lakitelek'),
(1776, 14, '7918', 'Lakócsa'),
(1777, 2, '7759', 'Lánycsók'),
(1778, 16, '7214', 'Lápafő'),
(1779, 2, '7775', 'Lapáncsa'),
(1780, 15, '4543', 'Laskod'),
(1781, 19, '8887', 'Lasztonya'),
(1782, 14, '8681', 'Látrány'),
(1783, 7, '9089', 'Lázi'),
(1784, 13, '2016', 'Leányfalu'),
(1785, 11, '2518', 'Leányvár'),
(1786, 7, '9155', 'Lébény'),
(1787, 12, '2619', 'Legénd'),
(1788, 4, '3904', 'Legyesbénye'),
(1789, 4, '3832', 'Léh'),
(1790, 4, '3648', 'Lénárddaróc'),
(1791, 19, '8978', 'Lendvadedes'),
(1792, 19, '8977', 'Lendvajakabfa'),
(1793, 16, '7184', 'Lengyel'),
(1794, 14, '8693', 'Lengyeltóti'),
(1795, 19, '8960', 'Lenti'),
(1796, 19, '8966', 'Lenti'),
(1797, 6, '8132', 'Lepsény'),
(1798, 18, '8318', 'Lesencefalu'),
(1799, 18, '8319', 'Lesenceistvánd'),
(1800, 18, '8318', 'Lesencetomaj'),
(1801, 8, '4281', 'Létavértes'),
(1802, 8, '4283', 'Létavértes'),
(1803, 19, '8868', 'Letenye'),
(1804, 13, '2632', 'Letkés'),
(1805, 7, '9221', 'Levél'),
(1806, 15, '4555', 'Levelek'),
(1807, 14, '8707', 'Libickozma'),
(1808, 19, '8981', 'Lickóvadamos'),
(1809, 2, '7331', 'Liget'),
(1810, 19, '8782', 'Ligetfalva'),
(1811, 7, '9233', 'Lipót'),
(1812, 2, '7781', 'Lippó'),
(1813, 2, '7757', 'Liptód'),
(1814, 19, '8888', 'Lispeszentadorján'),
(1815, 19, '8831', 'Liszó'),
(1816, 18, '8196', 'Litér'),
(1817, 4, '3866', 'Litka'),
(1818, 12, '3186', 'Litke'),
(1819, 17, '9634', 'Lócs'),
(1820, 18, '8425', 'Lókút'),
(1821, 3, '5743', 'Lőkösháza'),
(1822, 15, '4836', 'Lónya'),
(1823, 13, '2309', 'Lórév'),
(1824, 9, '3021', 'Lőrinci'),
(1825, 9, '3022', 'Lőrinci'),
(1826, 9, '3024', 'Lőrinci'),
(1827, 2, '7761', 'Lothárd'),
(1828, 18, '8228', 'Lovas'),
(1829, 6, '8093', 'Lovasberény'),
(1830, 2, '7720', 'Lovászhetény'),
(1831, 19, '8878', 'Lovászi'),
(1832, 18, '8553', 'Lovászpatona'),
(1833, 12, '3129', 'Lucfalva'),
(1834, 12, '3188', 'Ludányhalászi'),
(1835, 9, '3274', 'Ludas'),
(1836, 17, '9724', 'Lukácsháza'),
(1837, 14, '8660', 'Lulla'),
(1838, 2, '7838', 'Lúzsok'),
(1839, 7, '9461', 'Lövő'),
(1840, 15, '4633', 'Lövőpetri'),
(1841, 4, '3909', 'Mád'),
(1842, 1, '6456', 'Madaras'),
(1843, 16, '7026', 'Madocsa'),
(1844, 7, '9169', 'Maglóca'),
(1845, 13, '2234', 'Maglód'),
(1846, 2, '7342', 'Mágocs'),
(1847, 15, '4953', 'Magosliget'),
(1848, 15, '4556', 'Magy'),
(1849, 6, '8071', 'Magyaralmás'),
(1850, 14, '7463', 'Magyaratád'),
(1851, 3, '5667', 'Magyarbánhegyes'),
(1852, 2, '7775', 'Magyarbóly'),
(1853, 5, '6932', 'Magyarcsanád'),
(1854, 3, '5838', 'Magyardombegyház'),
(1855, 2, '7332', 'Magyaregregy'),
(1856, 14, '7441', 'Magyaregres'),
(1857, 19, '8973', 'Magyarföld'),
(1858, 12, '3133', 'Magyargéc'),
(1859, 18, '8517', 'Magyargencs'),
(1860, 2, '7394', 'Magyarhertelend'),
(1861, 8, '4137', 'Magyarhomorog'),
(1862, 7, '9346', 'Magyarkeresztúr'),
(1863, 16, '7098', 'Magyarkeszi'),
(1864, 17, '9962', 'Magyarlak'),
(1865, 2, '7925', 'Magyarlukafa'),
(1866, 2, '7954', 'Magyarmecske'),
(1867, 17, '9909', 'Magyarnádalja'),
(1868, 12, '2694', 'Magyarnándor'),
(1869, 18, '8449', 'Magyarpolány'),
(1870, 2, '7761', 'Magyarsarlós'),
(1871, 17, '9912', 'Magyarszecsőd'),
(1872, 2, '7396', 'Magyarszék'),
(1873, 19, '8776', 'Magyarszentmiklós'),
(1874, 19, '8776', 'Magyarszerdahely'),
(1875, 17, '9946', 'Magyarszombatfa'),
(1876, 2, '7954', 'Magyartelek'),
(1877, 13, '2339', 'Majosháza'),
(1878, 2, '7783', 'Majs'),
(1879, 13, '2322', 'Makád'),
(1880, 4, '3959', 'Makkoshotyka'),
(1881, 9, '3397', 'Maklár'),
(1882, 5, '6900', 'Makó'),
(1883, 5, '6903', 'Makó'),
(1884, 18, '8533', 'Malomsok'),
(1885, 4, '3434', 'Mályi'),
(1886, 4, '3645', 'Mályinka'),
(1887, 15, '4942', 'Mánd'),
(1888, 15, '4644', 'Mándok'),
(1889, 2, '7304', 'Mánfa'),
(1890, 6, '2065', 'Mány'),
(1891, 2, '7733', 'Maráza'),
(1892, 18, '9534', 'Marcalgergelyi'),
(1893, 14, '8700', 'Marcali'),
(1894, 14, '8709', 'Marcali'),
(1895, 14, '8714', 'Marcali'),
(1896, 18, '8531', 'Marcaltő'),
(1897, 18, '8532', 'Marcaltő'),
(1898, 2, '7817', 'Márfa'),
(1899, 11, '2527', 'Máriahalom'),
(1900, 7, '9231', 'Máriakálnok'),
(1901, 2, '7663', 'Máriakéménd'),
(1902, 13, '2629', 'Márianosztra'),
(1903, 15, '4326', 'Máriapócs'),
(1904, 9, '3262', 'Markaz'),
(1905, 12, '3075', 'Márkháza'),
(1906, 18, '8441', 'Márkó'),
(1907, 2, '7967', 'Markóc'),
(1908, 7, '9164', 'Markotabödöge'),
(1909, 19, '8888', 'Maróc'),
(1910, 2, '7960', 'Marócsa'),
(1911, 2, '7774', 'Márok'),
(1912, 19, '8976', 'Márokföld'),
(1913, 15, '4932', 'Márokpapi'),
(1914, 5, '6921', 'Maroslele'),
(1915, 5, '6636', 'Mártély'),
(1916, 10, '5435', 'Martfű'),
(1917, 2, '7720', 'Martonfa'),
(1918, 6, '2462', 'Martonvásár'),
(1919, 4, '3755', 'Martonyi'),
(1920, 15, '4700', 'Mátészalka'),
(1921, 1, '6452', 'Mátételke'),
(1922, 9, '3247', 'Mátraballa'),
(1923, 9, '3246', 'Mátraderecske'),
(1924, 12, '3155', 'Mátramindszent'),
(1925, 12, '3143', 'Mátranovák'),
(1926, 12, '3144', 'Mátranovák'),
(1927, 12, '3142', 'Mátraszele'),
(1928, 9, '3234', 'Mátraszentimre'),
(1929, 9, '3235', 'Mátraszentimre'),
(1930, 12, '3068', 'Mátraszőlős'),
(1931, 12, '3145', 'Mátraterenye'),
(1932, 12, '3146', 'Mátraterenye'),
(1933, 12, '3077', 'Mátraverebély'),
(1934, 2, '7854', 'Matty'),
(1935, 6, '8134', 'Mátyásdomb'),
(1936, 15, '4835', 'Mátyus'),
(1937, 2, '7351', 'Máza'),
(1938, 2, '7695', 'Mecseknádasd'),
(1939, 2, '7300', 'Mecsekpölöske'),
(1940, 7, '9176', 'Mecsér'),
(1941, 3, '5663', 'Medgyesbodzás'),
(1942, 3, '5664', 'Medgyesbodzás'),
(1943, 3, '5666', 'Medgyesegyháza'),
(1944, 3, '5752', 'Medgyesegyháza'),
(1945, 16, '7057', 'Medina'),
(1946, 17, '9757', 'Meggyeskovácsi'),
(1947, 4, '3718', 'Megyaszó'),
(1948, 17, '9754', 'Megyehid'),
(1949, 18, '8348', 'Megyer'),
(1950, 3, '5726', 'Méhkerék'),
(1951, 15, '4975', 'Méhtelek'),
(1952, 2, '7344', 'Mekényes'),
(1953, 1, '6449', 'Mélykút'),
(1954, 18, '8271', 'Mencshely'),
(1955, 13, '2235', 'Mende'),
(1956, 4, '3871', 'Méra'),
(1957, 2, '7981', 'Merenye'),
(1958, 7, '9136', 'Mérges'),
(1959, 15, '4352', 'Mérk'),
(1960, 14, '7453', 'Mernye'),
(1961, 17, '9531', 'Mersevát'),
(1962, 17, '9662', 'Mesterháza'),
(1963, 17, '9551', 'Mesteri'),
(1964, 10, '5452', 'Mesterszállás'),
(1965, 4, '3754', 'Meszes'),
(1966, 17, '9745', 'Meszlen'),
(1967, 14, '8716', 'Mesztegnyő'),
(1968, 3, '5650', 'Mezőberény'),
(1969, 4, '3450', 'Mezőcsát'),
(1970, 14, '7434', 'Mezőcsokonya'),
(1971, 2, '7370', 'Meződ'),
(1972, 6, '2422', 'Mezőfalva'),
(1973, 3, '5732', 'Mezőgyán'),
(1974, 3, '5820', 'Mezőhegyes'),
(1975, 10, '5453', 'Mezőhék'),
(1976, 4, '3441', 'Mezőkeresztes'),
(1977, 6, '8137', 'Mezőkomárom'),
(1978, 3, '5800', 'Mezőkovácsháza'),
(1979, 4, '3400', 'Mezőkövesd'),
(1980, 15, '4641', 'Mezőladány'),
(1981, 18, '8514', 'Mezőlak'),
(1982, 4, '3443', 'Mezőnagymihály'),
(1983, 4, '3421', 'Mezőnyárád'),
(1984, 8, '4118', 'Mezőpeterd'),
(1985, 8, '4134', 'Mezősas'),
(1986, 9, '3378', 'Mezőszemere'),
(1987, 6, '8133', 'Mezőszentgyörgy'),
(1988, 6, '7017', 'Mezőszilas'),
(1989, 9, '3375', 'Mezőtárkány'),
(1990, 10, '5400', 'Mezőtúr'),
(1991, 4, '3931', 'Mezőzombor'),
(1992, 7, '9097', 'Mezőörs'),
(1993, 7, '9098', 'Mezőörs'),
(1994, 19, '8825', 'Miháld'),
(1995, 19, '8341', 'Mihályfa'),
(1996, 12, '3184', 'Mihálygerge'),
(1997, 18, '8513', 'Mihályháza'),
(1998, 7, '9342', 'Mihályi'),
(1999, 14, '7512', 'Mike'),
(2000, 13, '2736', 'Mikebuda'),
(2001, 19, '8949', 'Mikekarácsonyfa'),
(2002, 8, '4271', 'Mikepércs'),
(2003, 14, '7286', 'Miklósi'),
(2004, 9, '3344', 'Mikófalva'),
(2005, 4, '3989', 'Mikóháza'),
(2006, 17, '9835', 'Mikosszéplak'),
(2007, 19, '8917', 'Milejszeg'),
(2008, 15, '4948', 'Milota'),
(2009, 5, '6630', 'Mindszent'),
(2010, 2, '7391', 'Mindszentgodisa'),
(2011, 18, '8282', 'Mindszentkálla'),
(2012, 19, '8935', 'Misefa'),
(2013, 1, '6343', 'Miske'),
(2014, 4, '3500', 'Miskolc'),
(2015, 4, '3501', 'Miskolc'),
(2016, 4, '3508', 'Miskolc'),
(2017, 4, '3510', 'Miskolc'),
(2018, 4, '3515', 'Miskolc'),
(2019, 4, '3516', 'Miskolc'),
(2020, 4, '3517', 'Miskolc'),
(2021, 4, '3518', 'Miskolc'),
(2022, 4, '3519', 'Miskolc'),
(2023, 4, '3521', 'Miskolc'),
(2024, 4, '3524', 'Miskolc'),
(2025, 4, '3525', 'Miskolc'),
(2026, 4, '3526', 'Miskolc'),
(2027, 4, '3527', 'Miskolc'),
(2028, 4, '3528', 'Miskolc'),
(2029, 4, '3529', 'Miskolc'),
(2030, 4, '3530', 'Miskolc'),
(2031, 4, '3531', 'Miskolc'),
(2032, 4, '3532', 'Miskolc'),
(2033, 4, '3533', 'Miskolc'),
(2034, 4, '3534', 'Miskolc'),
(2035, 4, '3535', 'Miskolc'),
(2036, 16, '7065', 'Miszla'),
(2037, 11, '2911', 'Mocsa'),
(2038, 16, '7163', 'Mőcsény'),
(2039, 13, '2146', 'Mogyoród'),
(2040, 11, '2535', 'Mogyorósbánya'),
(2041, 4, '3893', 'Mogyoróska'),
(2042, 6, '8042', 'Moha'),
(2043, 2, '7700', 'Mohács'),
(2044, 2, '7714', 'Mohács'),
(2045, 2, '7715', 'Mohács'),
(2046, 12, '2698', 'Mohora'),
(2047, 19, '8863', 'Molnári'),
(2048, 17, '9912', 'Molnaszecsőd'),
(2049, 2, '7981', 'Molvány'),
(2050, 4, '3812', 'Monaj'),
(2051, 4, '3905', 'Monok'),
(2052, 13, '2200', 'Monor'),
(2053, 13, '2213', 'Monor'),
(2054, 9, '3345', 'Mónosbél'),
(2055, 18, '8296', 'Monostorapáti'),
(2056, 8, '4275', 'Monostorpályi'),
(2057, 18, '8273', 'Monoszló'),
(2058, 2, '7751', 'Monyoród'),
(2059, 6, '8060', 'Mór'),
(2060, 16, '7165', 'Mórágy'),
(2061, 5, '6782', 'Mórahalom'),
(2062, 1, '6132', 'Móricgát'),
(2063, 7, '9131', 'Mórichida'),
(2064, 14, '7257', 'Mosdós'),
(2065, 7, '9200', 'Mosonmagyaróvár'),
(2066, 7, '9154', 'Mosonszentmiklós'),
(2067, 7, '9183', 'Mosonszentmiklós'),
(2068, 7, '9245', 'Mosonszolnok'),
(2069, 2, '7932', 'Mozsgó'),
(2070, 16, '7185', 'Mucsfa'),
(2071, 16, '7195', 'Mucsi'),
(2072, 4, '3744', 'Múcsony'),
(2073, 4, '3552', 'Muhi'),
(2074, 19, '8834', 'Murakeresztúr'),
(2075, 19, '8868', 'Murarátka'),
(2076, 19, '8872', 'Muraszemenye'),
(2077, 16, '7176', 'Murga'),
(2078, 3, '5672', 'Murony'),
(2079, 15, '4911', 'Nábrád'),
(2080, 6, '8097', 'Nadap'),
(2081, 17, '9915', 'Nádasd'),
(2082, 6, '8145', 'Nádasdladány'),
(2083, 8, '4181', 'Nádudvar'),
(2084, 14, '8674', 'Nágocs'),
(2085, 18, '8521', 'Nagyacsád'),
(2086, 18, '8484', 'Nagyalásony'),
(2087, 15, '4922', 'Nagyar'),
(2088, 14, '7500', 'Nagyatád'),
(2089, 7, '9063', 'Nagybajcs'),
(2090, 14, '7561', 'Nagybajom'),
(2091, 19, '8821', 'Nagybakónak'),
(2092, 3, '5668', 'Nagybánhegyes'),
(2093, 1, '6527', 'Nagybaracska'),
(2094, 4, '3641', 'Nagybarca'),
(2095, 12, '3075', 'Nagybárkány'),
(2096, 14, '8656', 'Nagyberény'),
(2097, 14, '7255', 'Nagyberki'),
(2098, 2, '7756', 'Nagybudmér'),
(2099, 13, '2634', 'Nagybörzsöny'),
(2100, 7, '9485', 'Nagycenk'),
(2101, 2, '7838', 'Nagycsány'),
(2102, 4, '3598', 'Nagycsécs'),
(2103, 14, '8628', 'Nagycsepely'),
(2104, 15, '4445', 'Nagycserkesz'),
(2105, 18, '8554', 'Nagydém'),
(2106, 15, '4823', 'Nagydobos'),
(2107, 2, '7985', 'Nagydobsza'),
(2108, 16, '7044', 'Nagydorog'),
(2109, 15, '4355', 'Nagyecsed'),
(2110, 5, '6917', 'Nagyér'),
(2111, 18, '8415', 'Nagyesztergár'),
(2112, 9, '3282', 'Nagyfüged'),
(2113, 17, '9664', 'Nagygeresd'),
(2114, 18, '8551', 'Nagygyimót'),
(2115, 19, '8356', 'Nagygörbő'),
(2116, 2, '7343', 'Nagyhajmás'),
(2117, 15, '4485', 'Nagyhalász'),
(2118, 2, '7822', 'Nagyharsány'),
(2119, 8, '4064', 'Nagyhegyes'),
(2120, 15, '4977', 'Nagyhódos'),
(2121, 4, '3994', 'Nagyhuta'),
(2122, 11, '2942', 'Nagyigmánd'),
(2123, 10, '5363', 'Nagyiván'),
(2124, 15, '4320', 'Nagykálló'),
(2125, 3, '5751', 'Nagykamarás'),
(2126, 19, '8800', 'Nagykanizsa'),
(2127, 19, '8808', 'Nagykanizsa'),
(2128, 19, '8809', 'Nagykanizsa'),
(2129, 19, '8831', 'Nagykanizsa'),
(2130, 19, '8935', 'Nagykapornak'),
(2131, 6, '2425', 'Nagykarácsony'),
(2132, 13, '2760', 'Nagykáta'),
(2133, 8, '4127', 'Nagykereki'),
(2134, 12, '3129', 'Nagykeresztúr'),
(2135, 4, '3844', 'Nagykinizs'),
(2136, 16, '7092', 'Nagykónyi'),
(2137, 14, '7545', 'Nagykorpád'),
(2138, 13, '2750', 'Nagykőrös'),
(2139, 13, '2094', 'Nagykovácsi'),
(2140, 2, '7741', 'Nagykozár'),
(2141, 19, '8911', 'Nagykutas'),
(2142, 9, '3012', 'Nagykökényes'),
(2143, 17, '9784', 'Nagykölked'),
(2144, 10, '5065', 'Nagykörű'),
(2145, 5, '6933', 'Nagylak'),
(2146, 19, '8983', 'Nagylengyel'),
(2147, 12, '3175', 'Nagylóc'),
(2148, 6, '2435', 'Nagylók'),
(2149, 7, '9482', 'Nagylózs'),
(2150, 5, '6622', 'Nagymágocs'),
(2151, 16, '7355', 'Nagymányok'),
(2152, 13, '2626', 'Nagymaros'),
(2153, 17, '9913', 'Nagymizdó'),
(2154, 2, '7784', 'Nagynyárád'),
(2155, 12, '2645', 'Nagyoroszi'),
(2156, 19, '8912', 'Nagypáli'),
(2157, 2, '7731', 'Nagypall'),
(2158, 2, '7912', 'Nagypeterd'),
(2159, 18, '8496', 'Nagypirit'),
(2160, 8, '4173', 'Nagyrábé'),
(2161, 19, '8746', 'Nagyrada'),
(2162, 17, '9938', 'Nagyrákos'),
(2163, 19, '8756', 'Nagyrécse'),
(2164, 9, '3214', 'Nagyréde'),
(2165, 10, '5463', 'Nagyrév'),
(2166, 4, '3965', 'Nagyrozvágy'),
(2167, 11, '2524', 'Nagysáp'),
(2168, 17, '9561', 'Nagysimonyi'),
(2169, 14, '8739', 'Nagyszakácsi'),
(2170, 16, '7085', 'Nagyszékely'),
(2171, 15, '4962', 'Nagyszekeres'),
(2172, 3, '5931', 'Nagyszénás'),
(2173, 7, '9072', 'Nagyszentjános'),
(2174, 16, '7097', 'Nagyszokoly'),
(2175, 9, '3398', 'Nagytálya'),
(2176, 13, '2142', 'Nagytarcsa'),
(2177, 18, '8562', 'Nagytevel'),
(2178, 17, '9832', 'Nagytilaj'),
(2179, 5, '6612', 'Nagytőke'),
(2180, 2, '7800', 'Nagytótfalu'),
(2181, 9, '3357', 'Nagyút'),
(2182, 15, '4812', 'Nagyvarsány'),
(2183, 2, '7912', 'Nagyváty'),
(2184, 18, '8291', 'Nagyvázsony'),
(2185, 16, '7186', 'Nagyvejke'),
(2186, 6, '8065', 'Nagyveleg'),
(2187, 6, '2421', 'Nagyvenyim'),
(2188, 9, '3349', 'Nagyvisnyó'),
(2189, 16, '7215', 'Nak'),
(2190, 15, '4552', 'Napkor'),
(2191, 17, '9797', 'Nárai'),
(2192, 17, '9793', 'Narda'),
(2193, 11, '2899', 'Naszály'),
(2194, 4, '3463', 'Négyes'),
(2195, 4, '3646', 'Nekézseny'),
(2196, 19, '8923', 'Nemesapáti'),
(2197, 4, '3592', 'Nemesbikk'),
(2198, 17, '9749', 'Nemesbőd'),
(2199, 15, '4942', 'Nemesborzova'),
(2200, 19, '8371', 'Nemesbük'),
(2201, 17, '9739', 'Nemescsó'),
(2202, 14, '8722', 'Nemesdéd'),
(2203, 18, '8284', 'Nemesgulács'),
(2204, 18, '8522', 'Nemesgörzsöny'),
(2205, 18, '8471', 'Nemeshany'),
(2206, 19, '8925', 'Nemeshetés'),
(2207, 2, '7981', 'Nemeske'),
(2208, 7, '9471', 'Nemeskér'),
(2209, 17, '9548', 'Nemeskeresztúr'),
(2210, 14, '8717', 'Nemeskisfalud'),
(2211, 17, '9542', 'Nemeskocs'),
(2212, 17, '9775', 'Nemeskolta'),
(2213, 17, '9663', 'Nemesládony'),
(2214, 17, '9953', 'Nemesmedves'),
(2215, 1, '6345', 'Nemesnádudvar'),
(2216, 19, '8976', 'Nemesnép'),
(2217, 19, '8856', 'Nemespátró'),
(2218, 19, '8915', 'Nemesrádó'),
(2219, 17, '9782', 'Nemesrempehollós'),
(2220, 19, '8925', 'Nemessándorháza'),
(2221, 18, '9533', 'Nemesszalók'),
(2222, 19, '8925', 'Nemesszentandrás'),
(2223, 18, '8248', 'Nemesvámos'),
(2224, 14, '8738', 'Nemesvid'),
(2225, 18, '8311', 'Nemesvita'),
(2226, 18, '8581', 'Németbánya'),
(2227, 19, '8918', 'Németfalu'),
(2228, 16, '7039', 'Németkér'),
(2229, 12, '3152', 'Nemti'),
(2230, 11, '2544', 'Neszmély'),
(2231, 12, '2618', 'Nézsa'),
(2232, 17, '9652', 'Nick'),
(2233, 14, '8706', 'Nikla'),
(2234, 12, '2642', 'Nógrád'),
(2235, 12, '2691', 'Nógrádkövesd'),
(2236, 12, '2675', 'Nógrádmarcal'),
(2237, 12, '3132', 'Nógrádmegyer'),
(2238, 12, '2685', 'Nógrádsáp'),
(2239, 12, '3179', 'Nógrádsipek'),
(2240, 12, '3187', 'Nógrádszakál'),
(2241, 18, '8591', 'Nóráp'),
(2242, 18, '8456', 'Noszlop'),
(2243, 9, '3325', 'Noszvaj'),
(2244, 12, '2610', 'Nőtincs'),
(2245, 19, '8948', 'Nova'),
(2246, 9, '3327', 'Novaj'),
(2247, 4, '3872', 'Novajidrány'),
(2248, 7, '9096', 'Nyalka'),
(2249, 18, '8512', 'Nyárád'),
(2250, 13, '2723', 'Nyáregyháza'),
(2251, 1, '6032', 'Nyárlőrinc'),
(2252, 13, '2712', 'Nyársapát'),
(2253, 4, '3433', 'Nyékládháza'),
(2254, 11, '2536', 'Nyergesújfalu'),
(2255, 11, '2537', 'Nyergesújfalu'),
(2256, 4, '3809', 'Nyésta'),
(2257, 14, '8612', 'Nyim'),
(2258, 8, '4264', 'Nyírábrány'),
(2259, 8, '4262', 'Nyíracsád'),
(2260, 18, '8454', 'Nyirád'),
(2261, 8, '4252', 'Nyíradony'),
(2262, 8, '4253', 'Nyíradony'),
(2263, 8, '4254', 'Nyíradony'),
(2264, 15, '4300', 'Nyírbátor'),
(2265, 15, '4372', 'Nyírbéltek'),
(2266, 15, '4361', 'Nyírbogát'),
(2267, 15, '4511', 'Nyírbogdány'),
(2268, 15, '4356', 'Nyírcsaholy'),
(2269, 15, '4331', 'Nyírcsászári'),
(2270, 15, '4332', 'Nyírderzs'),
(2271, 15, '4246', 'Nyíregyháza'),
(2272, 15, '4400', 'Nyíregyháza'),
(2273, 15, '4405', 'Nyíregyháza'),
(2274, 15, '4412', 'Nyíregyháza'),
(2275, 15, '4431', 'Nyíregyháza'),
(2276, 15, '4432', 'Nyíregyháza'),
(2277, 15, '4433', 'Nyíregyháza'),
(2278, 15, '4481', 'Nyíregyháza'),
(2279, 15, '4551', 'Nyíregyháza'),
(2280, 15, '4362', 'Nyírgelse'),
(2281, 15, '4311', 'Nyírgyulaj'),
(2282, 4, '3997', 'Nyíri'),
(2283, 15, '4535', 'Nyíribrony'),
(2284, 15, '4541', 'Nyírjákó'),
(2285, 15, '4544', 'Nyírkarász'),
(2286, 15, '4333', 'Nyírkáta'),
(2287, 15, '4537', 'Nyírkércs'),
(2288, 15, '4371', 'Nyírlugos'),
(2289, 15, '4632', 'Nyírlövő'),
(2290, 15, '4564', 'Nyírmada'),
(2291, 8, '4263', 'Nyírmártonfalva'),
(2292, 15, '4722', 'Nyírmeggyes'),
(2293, 15, '4363', 'Nyírmihálydi'),
(2294, 15, '4822', 'Nyírparasznya'),
(2295, 15, '4531', 'Nyírpazony'),
(2296, 15, '4376', 'Nyírpilis'),
(2297, 15, '4522', 'Nyírtass'),
(2298, 15, '4461', 'Nyírtelek'),
(2299, 15, '4554', 'Nyírtét'),
(2300, 15, '4532', 'Nyírtura'),
(2301, 15, '4341', 'Nyírvasvári'),
(2302, 17, '9682', 'Nyőgér'),
(2303, 4, '3795', 'Nyomár'),
(2304, 2, '7912', 'Nyugotszenterzsébet'),
(2305, 7, '9082', 'Nyúl'),
(2306, 2, '7695', 'Óbánya'),
(2307, 6, '2063', 'Óbarok'),
(2308, 18, '8272', 'Óbudavár'),
(2309, 13, '2364', 'Ócsa'),
(2310, 2, '7814', 'Ócsárd'),
(2311, 16, '7143', 'Őcsény'),
(2312, 2, '7695', 'Ófalu'),
(2313, 15, '4558', 'Ófehértó'),
(2314, 5, '6923', 'Óföldeák'),
(2315, 19, '8342', 'Óhid'),
(2316, 3, '5534', 'Okány'),
(2317, 2, '7957', 'Okorág'),
(2318, 2, '7681', 'Okorvölgy'),
(2319, 2, '7745', 'Olasz'),
(2320, 17, '9824', 'Olaszfa'),
(2321, 18, '8414', 'Olaszfalu'),
(2322, 4, '3933', 'Olaszliszka'),
(2323, 15, '4826', 'Olcsva'),
(2324, 15, '4914', 'Olcsvaapáti'),
(2325, 2, '7824', 'Old'),
(2326, 17, '9733', 'Ólmod'),
(2327, 19, '8886', 'Oltárc'),
(2328, 4, '3562', 'Onga'),
(2329, 4, '3551', 'Ónod'),
(2330, 15, '4821', 'Ópályi'),
(2331, 5, '6767', 'Ópusztaszer'),
(2332, 15, '4336', 'Őr'),
(2333, 19, '8935', 'Orbányosfa'),
(2334, 13, '2162', 'Őrbottyán'),
(2335, 14, '7400', 'Orci'),
(2336, 14, '8635', 'Ordacsehi'),
(2337, 1, '6335', 'Ordas'),
(2338, 17, '9982', 'Orfalu'),
(2339, 2, '7677', 'Orfű'),
(2340, 1, '6077', 'Orgovány'),
(2341, 12, '2671', 'Őrhalom'),
(2342, 17, '9933', 'Őrimagyarósd'),
(2343, 17, '9941', 'Őriszentpéter'),
(2344, 19, '8983', 'Ormándlak'),
(2345, 4, '3743', 'Ormosbánya'),
(2346, 3, '5900', 'Orosháza'),
(2347, 3, '5903', 'Orosháza'),
(2348, 3, '5904', 'Orosháza'),
(2349, 3, '5905', 'Orosháza'),
(2350, 18, '8458', 'Oroszi'),
(2351, 11, '2840', 'Oroszlány'),
(2352, 2, '7370', 'Oroszló'),
(2353, 19, '8744', 'Orosztony'),
(2354, 19, '8954', 'Ortaháza'),
(2355, 14, '8854', 'Őrtilos'),
(2356, 12, '2610', 'Ősagárd'),
(2357, 18, '8161', 'Ősi'),
(2358, 7, '9354', 'Osli'),
(2359, 17, '9512', 'Ostffyasszonyfa'),
(2360, 9, '3326', 'Ostoros'),
(2361, 17, '9825', 'Oszkó'),
(2362, 4, '3591', 'Oszlár'),
(2363, 14, '7444', 'Osztopán'),
(2364, 4, '3600', 'Ózd'),
(2365, 4, '3603', 'Ózd'),
(2366, 4, '3604', 'Ózd'),
(2367, 4, '3621', 'Ózd'),
(2368, 4, '3625', 'Ózd'),
(2369, 4, '3651', 'Ózd'),
(2370, 4, '3661', 'Ózd'),
(2371, 4, '3662', 'Ózd'),
(2372, 2, '7836', 'Ózdfalu'),
(2373, 19, '8998', 'Ozmánbük'),
(2374, 16, '7086', 'Ozora'),
(2375, 4, '3964', 'Pácin'),
(2376, 19, '8761', 'Pacsa'),
(2377, 17, '9823', 'Pácsony'),
(2378, 19, '8935', 'Padár'),
(2379, 1, '6075', 'Páhi'),
(2380, 19, '8956', 'Páka'),
(2381, 19, '8799', 'Pakod'),
(2382, 6, '8095', 'Pákozd'),
(2383, 16, '7027', 'Paks'),
(2384, 16, '7030', 'Paks'),
(2385, 2, '7370', 'Palé'),
(2386, 16, '7042', 'Pálfa'),
(2387, 19, '8990', 'Pálfiszeg'),
(2388, 4, '3994', 'Pálháza'),
(2389, 7, '9345', 'Páli'),
(2390, 2, '7771', 'Palkonya'),
(2391, 14, '7561', 'Pálmajor'),
(2392, 1, '6112', 'Pálmonostora'),
(2393, 2, '7727', 'Palotabozsok'),
(2394, 12, '3042', 'Palotás'),
(2395, 18, '8229', 'Paloznak'),
(2396, 4, '3821', 'Pamlény'),
(2397, 14, '8698', 'Pamuk'),
(2398, 13, '2214', 'Pánd'),
(2399, 17, '9937', 'Pankasz'),
(2400, 7, '9090', 'Pannonhalma'),
(2401, 4, '3898', 'Pányok'),
(2402, 15, '4913', 'Panyola'),
(2403, 15, '4631', 'Pap'),
(2404, 18, '8500', 'Pápa'),
(2405, 18, '8511', 'Pápa'),
(2406, 18, '8591', 'Pápa'),
(2407, 18, '8598', 'Pápa'),
(2408, 18, '8593', 'Pápadereske'),
(2409, 18, '8596', 'Pápakovácsi'),
(2410, 18, '8594', 'Pápasalamon'),
(2411, 18, '8556', 'Pápateszér'),
(2412, 18, '8183', 'Papkeszi'),
(2413, 17, '9515', 'Pápoc'),
(2414, 15, '4338', 'Papos'),
(2415, 2, '7838', 'Páprád'),
(2416, 9, '3240', 'Parád'),
(2417, 9, '3244', 'Parád'),
(2418, 9, '3242', 'Parádsasvár'),
(2419, 4, '3777', 'Parasznya'),
(2420, 15, '4475', 'Paszab'),
(2421, 12, '3060', 'Pásztó'),
(2422, 12, '3065', 'Pásztó'),
(2423, 12, '3082', 'Pásztó'),
(2424, 7, '9311', 'Pásztori'),
(2425, 19, '8825', 'Pat'),
(2426, 12, '2648', 'Patak'),
(2427, 14, '7463', 'Patalom'),
(2428, 2, '7923', 'Patapoklosi'),
(2429, 14, '7477', 'Patca'),
(2430, 6, '8092', 'Pátka'),
(2431, 14, '7536', 'Patosfa'),
(2432, 15, '4523', 'Pátroha'),
(2433, 12, '2668', 'Patvarc'),
(2434, 13, '2071', 'Páty'),
(2435, 15, '4766', 'Pátyod'),
(2436, 6, '2476', 'Pázmánd'),
(2437, 7, '9085', 'Pázmándfalu'),
(2438, 13, '2119', 'Pécel'),
(2439, 2, '7600', 'Pécs'),
(2440, 2, '7621', 'Pécs'),
(2441, 2, '7622', 'Pécs'),
(2442, 2, '7623', 'Pécs'),
(2443, 2, '7624', 'Pécs'),
(2444, 2, '7625', 'Pécs'),
(2445, 2, '7626', 'Pécs'),
(2446, 2, '7627', 'Pécs'),
(2447, 2, '7628', 'Pécs'),
(2448, 2, '7629', 'Pécs'),
(2449, 2, '7630', 'Pécs'),
(2450, 2, '7631', 'Pécs'),
(2451, 2, '7632', 'Pécs'),
(2452, 2, '7633', 'Pécs'),
(2453, 2, '7634', 'Pécs'),
(2454, 2, '7635', 'Pécs'),
(2455, 2, '7636', 'Pécs'),
(2456, 2, '7691', 'Pécs'),
(2457, 2, '7693', 'Pécs'),
(2458, 2, '7951', 'Pécsbagota'),
(2459, 2, '7766', 'Pécsdevecser'),
(2460, 18, '8245', 'Pécsely'),
(2461, 2, '7762', 'Pécsudvard'),
(2462, 2, '7720', 'Pécsvárad'),
(2463, 17, '9754', 'Pecöl'),
(2464, 2, '7831', 'Pellérd'),
(2465, 9, '3381', 'Pély'),
(2466, 13, '2614', 'Penc'),
(2467, 15, '4267', 'Penészlek'),
(2468, 15, '4941', 'Penyige'),
(2469, 18, '8426', 'Pénzesgyőr'),
(2470, 7, '9099', 'Pér'),
(2471, 13, '2074', 'Perbál'),
(2472, 4, '3853', 'Pere'),
(2473, 4, '3821', 'Perecse'),
(2474, 2, '7664', 'Pereked'),
(2475, 17, '9722', 'Perenye'),
(2476, 17, '9734', 'Peresznye'),
(2477, 7, '9484', 'Pereszteg'),
(2478, 6, '2431', 'Perkáta'),
(2479, 4, '3756', 'Perkupa'),
(2480, 13, '2637', 'Perőcsény'),
(2481, 2, '7766', 'Peterd'),
(2482, 14, '7582', 'Péterhida'),
(2483, 13, '2209', 'Péteri'),
(2484, 9, '3250', 'Pétervására'),
(2485, 18, '8105', 'Pétfürdő'),
(2486, 19, '8921', 'Pethőhenye'),
(2487, 15, '4542', 'Petneháza'),
(2488, 9, '3023', 'Petőfibánya'),
(2489, 1, '6113', 'Petőfiszállás'),
(2490, 7, '9443', 'Petőháza'),
(2491, 17, '9826', 'Petőmihályfa'),
(2492, 19, '8984', 'Petrikeresztúr'),
(2493, 19, '8866', 'Petrivente'),
(2494, 2, '7980', 'Pettend'),
(2495, 12, '3134', 'Piliny'),
(2496, 13, '2721', 'Pilis'),
(2497, 13, '2097', 'Pilisborosjenő'),
(2498, 13, '2081', 'Piliscsaba'),
(2499, 13, '2087', 'Piliscsaba'),
(2500, 11, '2519', 'Piliscsév'),
(2501, 13, '2080', 'Pilisjászfalu'),
(2502, 11, '2028', 'Pilismarót'),
(2503, 13, '2095', 'Pilisszántó'),
(2504, 13, '2084', 'Pilisszentiván'),
(2505, 13, '2098', 'Pilisszentkereszt'),
(2506, 13, '2099', 'Pilisszentkereszt'),
(2507, 13, '2009', 'Pilisszentlászló'),
(2508, 13, '2085', 'Pilisvörösvár'),
(2509, 16, '7084', 'Pincehely'),
(2510, 17, '9922', 'Pinkamindszent'),
(2511, 7, '9481', 'Pinnye'),
(2512, 15, '4375', 'Piricse'),
(2513, 1, '6414', 'Pirtó'),
(2514, 2, '7838', 'Piskó'),
(2515, 5, '6914', 'Pitvaros'),
(2516, 2, '7756', 'Pócsa'),
(2517, 8, '4125', 'Pocsaj'),
(2518, 13, '2017', 'Pócsmegyer'),
(2519, 15, '4327', 'Pócspetri'),
(2520, 2, '7666', 'Pogány'),
(2521, 14, '8728', 'Pogányszentpéter'),
(2522, 19, '8932', 'Pókaszepetk'),
(2523, 14, '7458', 'Polány'),
(2524, 8, '4090', 'Polgár'),
(2525, 6, '8153', 'Polgárdi'),
(2526, 6, '8154', 'Polgárdi'),
(2527, 6, '8155', 'Polgárdi'),
(2528, 13, '2013', 'Pomáz'),
(2529, 15, '4761', 'Porcsalma'),
(2530, 17, '9796', 'Pornóapáti'),
(2531, 9, '3388', 'Poroszló'),
(2532, 17, '9612', 'Porpác'),
(2533, 14, '8858', 'Porrog'),
(2534, 14, '8858', 'Porrogszentkirály'),
(2535, 14, '8858', 'Porrogszentpál'),
(2536, 19, '8986', 'Pórszombat'),
(2537, 18, '8429', 'Porva'),
(2538, 17, '9636', 'Pósfa'),
(2539, 14, '7977', 'Potony'),
(2540, 7, '9324', 'Potyond'),
(2541, 4, '3925', 'Prügy'),
(2542, 18, '8291', 'Pula'),
(2543, 19, '8986', 'Pusztaapáti'),
(2544, 12, '2658', 'Pusztaberki'),
(2545, 7, '9373', 'Pusztacsalád'),
(2546, 17, '9739', 'Pusztacsó'),
(2547, 15, '4565', 'Pusztadobos'),
(2548, 19, '8946', 'Pusztaederics'),
(2549, 4, '3995', 'Pusztafalu'),
(2550, 3, '5919', 'Pusztaföldvár'),
(2551, 16, '7038', 'Pusztahencse'),
(2552, 14, '8707', 'Pusztakovácsi'),
(2553, 19, '8895', 'Pusztamagyaród'),
(2554, 5, '6785', 'Pusztamérges'),
(2555, 18, '8455', 'Pusztamiske'),
(2556, 10, '5125', 'Pusztamonostor'),
(2557, 3, '5665', 'Pusztaottlaka'),
(2558, 4, '3874', 'Pusztaradvány'),
(2559, 6, '2490', 'Pusztaszabolcs'),
(2560, 14, '8619', 'Pusztaszemes'),
(2561, 19, '8896', 'Pusztaszentlászló'),
(2562, 5, '6769', 'Pusztaszer'),
(2563, 13, '2378', 'Pusztavacs'),
(2564, 6, '8066', 'Pusztavám'),
(2565, 13, '2039', 'Pusztazámor'),
(2566, 4, '3630', 'Putnok'),
(2567, 7, '9235', 'Püski'),
(2568, 13, '2682', 'Püspökhatvan'),
(2569, 8, '4150', 'Püspökladány'),
(2570, 17, '9776', 'Püspökmolnári'),
(2571, 13, '2166', 'Püspökszilágy'),
(2572, 19, '8929', 'Pölöske'),
(2573, 19, '8773', 'Pölöskefő'),
(2574, 16, '7142', 'Pörböly'),
(2575, 19, '8956', 'Pördefölde'),
(2576, 19, '8767', 'Pötréte'),
(2577, 7, '9313', 'Rábacsanak'),
(2578, 7, '9136', 'Rábacsécsény'),
(2579, 17, '9961', 'Rábagyarmat'),
(2580, 17, '9777', 'Rábahidvég'),
(2581, 7, '9344', 'Rábakecöl'),
(2582, 7, '9142', 'Rábapatona'),
(2583, 17, '9641', 'Rábapaty'),
(2584, 7, '9146', 'Rábapordány'),
(2585, 7, '9327', 'Rábasebes'),
(2586, 7, '9316', 'Rábaszentandrás'),
(2587, 7, '9135', 'Rábaszentmihály'),
(2588, 7, '9133', 'Rábaszentmiklós'),
(2589, 7, '9322', 'Rábatamási'),
(2590, 17, '9766', 'Rábatöttös'),
(2591, 7, '9165', 'Rábcakapi'),
(2592, 6, '2459', 'Rácalmás'),
(2593, 6, '2465', 'Ráckeresztúr'),
(2594, 13, '2300', 'Ráckeve'),
(2595, 13, '2613', 'Rád'),
(2596, 2, '7817', 'Rádfalva'),
(2597, 17, '9784', 'Rádóckölked'),
(2598, 4, '3776', 'Radostyán'),
(2599, 4, '3724', 'Ragály'),
(2600, 7, '9224', 'Rajka'),
(2601, 4, '3825', 'Rakaca'),
(2602, 4, '3826', 'Rakacaszend'),
(2603, 15, '4465', 'Rakamaz'),
(2604, 12, '3151', 'Rákóczibánya'),
(2605, 10, '5085', 'Rákóczifalva'),
(2606, 10, '5084', 'Rákócziújfalu'),
(2607, 14, '7464', 'Ráksi'),
(2608, 19, '8973', 'Ramocsa'),
(2609, 15, '4536', 'Ramocsaháza'),
(2610, 15, '4756', 'Rápolt'),
(2611, 18, '8300', 'Raposka'),
(2612, 4, '3833', 'Rásonysápberencs'),
(2613, 4, '3908', 'Rátka'),
(2614, 17, '9951', 'Rátót'),
(2615, 7, '9091', 'Ravazd'),
(2616, 9, '3245', 'Recsk'),
(2617, 11, '2886', 'Réde'),
(2618, 19, '8978', 'Rédics'),
(2619, 4, '3893', 'Regéc'),
(2620, 2, '7833', 'Regenye'),
(2621, 16, '7193', 'Regöly'),
(2622, 1, '6446', 'Rém'),
(2623, 13, '2090', 'Remeteszőlős'),
(2624, 4, '3559', 'Répáshuta'),
(2625, 17, '9653', 'Répcelak'),
(2626, 7, '9375', 'Répceszemere'),
(2627, 17, '9623', 'Répceszentgyörgy'),
(2628, 7, '9475', 'Répcevis'),
(2629, 19, '8977', 'Resznek'),
(2630, 7, '9074', 'Rétalap'),
(2631, 15, '4525', 'Rétközberencs'),
(2632, 12, '2651', 'Rétság'),
(2633, 18, '8253', 'Révfülöp'),
(2634, 4, '3976', 'Révleányvár'),
(2635, 19, '8373', 'Rezi'),
(2636, 4, '3974', 'Ricse'),
(2637, 18, '8348', 'Rigács'),
(2638, 19, '8883', 'Rigyác'),
(2639, 12, '3177', 'Rimóc'),
(2640, 14, '7552', 'Rinyabesenyő'),
(2641, 14, '7527', 'Rinyakovácsi'),
(2642, 14, '7513', 'Rinyaszentkirály'),
(2643, 14, '7556', 'Rinyaújlak'),
(2644, 14, '7584', 'Rinyaújnép'),
(2645, 15, '4563', 'Rohod'),
(2646, 7, '8434', 'Románd'),
(2647, 12, '2654', 'Romhány'),
(2648, 2, '7743', 'Romonya'),
(2649, 2, '7914', 'Rózsafa'),
(2650, 15, '4971', 'Rozsály'),
(2651, 9, '3033', 'Rózsaszentmárton'),
(2652, 4, '3733', 'Rudabánya'),
(2653, 4, '3742', 'Rudolftelep'),
(2654, 17, '9766', 'Rum'),
(2655, 5, '6786', 'Ruzsa'),
(2656, 7, '9451', 'Röjtökmuzsaj'),
(2657, 17, '9954', 'Rönök'),
(2658, 5, '6758', 'Röszke'),
(2659, 12, '3162', 'Ságújfalu'),
(2660, 14, '8654', 'Ságvár'),
(2661, 4, '3792', 'Sajóbábony'),
(2662, 4, '3793', 'Sajóecseg'),
(2663, 4, '3636', 'Sajógalgóc'),
(2664, 4, '3576', 'Sajóhidvég'),
(2665, 4, '3720', 'Sajóivánka'),
(2666, 4, '3773', 'Sajókápolna'),
(2667, 4, '3720', 'Sajókaza'),
(2668, 4, '3791', 'Sajókeresztúr'),
(2669, 4, '3572', 'Sajólád'),
(2670, 4, '3773', 'Sajólászlófalva'),
(2671, 4, '3656', 'Sajómercse'),
(2672, 4, '3652', 'Sajónémeti'),
(2673, 4, '3714', 'Sajópálfala'),
(2674, 4, '3573', 'Sajópetri'),
(2675, 4, '3653', 'Sajópüspöki'),
(2676, 4, '3712', 'Sajósenye'),
(2677, 4, '3770', 'Sajószentpéter'),
(2678, 4, '3599', 'Sajószöged'),
(2679, 4, '3712', 'Sajóvámos'),
(2680, 4, '3656', 'Sajóvelezd'),
(2681, 4, '3586', 'Sajóörös'),
(2682, 17, '9632', 'Sajtoskál'),
(2683, 18, '8256', 'Salföld'),
(2684, 12, '3100', 'Salgótarján'),
(2685, 12, '3102', 'Salgótarján'),
(2686, 12, '3104', 'Salgótarján'),
(2687, 12, '3109', 'Salgótarján'),
(2688, 12, '3121', 'Salgótarján'),
(2689, 12, '3141', 'Salgótarján'),
(2690, 17, '9742', 'Salköveskút'),
(2691, 19, '8995', 'Salomvár'),
(2692, 4, '3425', 'Sály'),
(2693, 2, '7841', 'Sámod'),
(2694, 12, '3074', 'Sámsonháza'),
(2695, 19, '8824', 'Sand'),
(2696, 5, '6762', 'Sándorfalva'),
(2697, 14, '7479', 'Sántos'),
(2698, 8, '4176', 'Sáp'),
(2699, 8, '4272', 'Sáránd'),
(2700, 4, '3942', 'Sárazsadány'),
(2701, 6, '7000', 'Sárbogárd'),
(2702, 6, '7003', 'Sárbogárd'),
(2703, 6, '7018', 'Sárbogárd'),
(2704, 6, '7019', 'Sárbogárd'),
(2705, 6, '7014', 'Sáregres'),
(2706, 17, '9813', 'Sárfimizdó'),
(2707, 19, '8944', 'Sárhida'),
(2708, 11, '2523', 'Sárisáp'),
(2709, 3, '5720', 'Sarkad'),
(2710, 3, '5731', 'Sarkadkeresztúr'),
(2711, 6, '8051', 'Sárkeresztes'),
(2712, 6, '8125', 'Sárkeresztúr'),
(2713, 6, '8144', 'Sárkeszi'),
(2714, 19, '8391', 'Sármellék'),
(2715, 2, '7781', 'Sárok'),
(2716, 6, '2433', 'Sárosd'),
(2717, 4, '3950', 'Sárospatak'),
(2718, 4, '3952', 'Sárospatak'),
(2719, 16, '7145', 'Sárpilis'),
(2720, 8, '4171', 'Sárrétudvari'),
(2721, 7, '9434', 'Sarród'),
(2722, 7, '9435', 'Sarród'),
(2723, 6, '8126', 'Sárszentágota'),
(2724, 16, '7047', 'Sárszentlőrinc'),
(2725, 6, '8141', 'Sárszentmihály'),
(2726, 6, '8143', 'Sárszentmihály'),
(2727, 9, '3386', 'Sarud'),
(2728, 17, '9600', 'Sárvár'),
(2729, 17, '9608', 'Sárvár'),
(2730, 17, '9609', 'Sárvár'),
(2731, 2, '7370', 'Sásd'),
(2732, 18, '8308', 'Sáska'),
(2733, 4, '3659', 'Sáta'),
(2734, 4, '3944', 'Sátoraljaújhely'),
(2735, 4, '3945', 'Sátoraljaújhely'),
(2736, 4, '3980', 'Sátoraljaújhely'),
(2737, 4, '3988', 'Sátoraljaújhely'),
(2738, 2, '7785', 'Sátorhely'),
(2739, 14, '8732', 'Sávoly'),
(2740, 17, '9789', 'Sé'),
(2741, 14, '7562', 'Segesd'),
(2742, 2, '7960', 'Sellye'),
(2743, 4, '3809', 'Selyeb'),
(2744, 4, '3974', 'Semjén'),
(2745, 19, '8862', 'Semjénháza'),
(2746, 19, '8788', 'Sénye'),
(2747, 15, '4533', 'Sényő'),
(2748, 6, '8111', 'Seregélyes'),
(2749, 4, '3729', 'Serényfalva'),
(2750, 14, '8660', 'Sérsekszőlős'),
(2751, 7, '8439', 'Sikátor'),
(2752, 2, '7800', 'Siklós'),
(2753, 2, '7818', 'Siklós'),
(2754, 2, '7814', 'Siklósbodony'),
(2755, 2, '7823', 'Siklósnagyfalu'),
(2756, 4, '3881', 'Sima'),
(2757, 17, '9633', 'Simaság'),
(2758, 14, '7474', 'Simonfa'),
(2759, 16, '7081', 'Simontornya'),
(2760, 16, '7171', 'Sióagárd'),
(2761, 14, '8600', 'Siófok'),
(2762, 14, '8609', 'Siófok'),
(2763, 14, '8611', 'Siófok'),
(2764, 14, '8652', 'Siójut'),
(2765, 9, '3332', 'Sirok'),
(2766, 17, '9671', 'Sitke'),
(2767, 7, '9315', 'Sobor'),
(2768, 7, '9112', 'Sokorópátka'),
(2769, 1, '6320', 'Solt'),
(2770, 1, '6223', 'Soltszentimre'),
(2771, 1, '6230', 'Soltvadkert'),
(2772, 18, '8193', 'Sóly'),
(2773, 13, '2083', 'Solymár'),
(2774, 14, '8655', 'Som'),
(2775, 2, '7728', 'Somberek'),
(2776, 18, '8478', 'Somlójenő'),
(2777, 18, '8483', 'Somlószőlős'),
(2778, 18, '8481', 'Somlóvásárhely'),
(2779, 18, '8484', 'Somlóvecse'),
(2780, 14, '7454', 'Somodor'),
(2781, 14, '7283', 'Somogyacsa'),
(2782, 2, '7922', 'Somogyapáti'),
(2783, 14, '7584', 'Somogyaracs'),
(2784, 14, '7452', 'Somogyaszaló'),
(2785, 14, '8684', 'Somogybabod'),
(2786, 14, '8858', 'Somogybükkösd'),
(2787, 14, '8726', 'Somogycsicsó'),
(2788, 14, '7284', 'Somogydöröcske'),
(2789, 14, '8666', 'Somogyegres'),
(2790, 14, '8708', 'Somogyfajsz'),
(2791, 14, '7455', 'Somogygeszti'),
(2792, 2, '7925', 'Somogyhárságy'),
(2793, 2, '7921', 'Somogyhatvan'),
(2794, 14, '7443', 'Somogyjád'),
(2795, 14, '8673', 'Somogymeggyes'),
(2796, 14, '8733', 'Somogysámson'),
(2797, 14, '7435', 'Somogysárd'),
(2798, 14, '8737', 'Somogysimonyi'),
(2799, 14, '8705', 'Somogyszentpál'),
(2800, 14, '7276', 'Somogyszil'),
(2801, 14, '7563', 'Somogyszob'),
(2802, 14, '8683', 'Somogytúr'),
(2803, 14, '7515', 'Somogyudvarhely'),
(2804, 14, '8699', 'Somogyvámos'),
(2805, 14, '8698', 'Somogyvár'),
(2806, 2, '7924', 'Somogyviszló'),
(2807, 14, '8734', 'Somogyzsitfa'),
(2808, 15, '4954', 'Sonkád'),
(2809, 6, '8123', 'Soponya'),
(2810, 7, '9400', 'Sopron'),
(2811, 7, '9407', 'Sopron'),
(2812, 7, '9408', 'Sopron'),
(2813, 7, '9494', 'Sopron'),
(2814, 7, '9463', 'Sopronhorpács'),
(2815, 7, '9483', 'Sopronkövesd'),
(2816, 7, '9325', 'Sopronnémeti'),
(2817, 17, '9774', 'Sorkifalud'),
(2818, 17, '9774', 'Sorkikápolna'),
(2819, 19, '8881', 'Sormás'),
(2820, 17, '9773', 'Sorokpolány'),
(2821, 12, '3131', 'Sóshartyán'),
(2822, 13, '2038', 'Sóskút'),
(2823, 4, '3716', 'Sóstófalva'),
(2824, 2, '7960', 'Sósvertike'),
(2825, 17, '9681', 'Sótony'),
(2826, 6, '8096', 'Sukoró'),
(2827, 2, '7960', 'Sumony'),
(2828, 11, '2889', 'Súr'),
(2829, 19, '8856', 'Surd'),
(2830, 1, '6346', 'Sükösd'),
(2831, 13, '2241', 'Sülysáp'),
(2832, 13, '2242', 'Sülysáp'),
(2833, 18, '8330', 'Sümeg'),
(2834, 19, '8357', 'Sümegcsehi'),
(2835, 18, '8351', 'Sümegprága'),
(2836, 11, '2543', 'Süttő'),
(2837, 6, '8151', 'Szabadbattyán'),
(2838, 6, '2432', 'Szabadegyháza'),
(2839, 6, '8138', 'Szabadhidvég'),
(2840, 6, '8139', 'Szabadhidvég'),
(2841, 14, '7253', 'Szabadi'),
(2842, 3, '5712', 'Szabadkígyós'),
(2843, 1, '6080', 'Szabadszállás'),
(2844, 2, '7951', 'Szabadszentkirály'),
(2845, 14, '7544', 'Szabás'),
(2846, 15, '4467', 'Szabolcs'),
(2847, 15, '4547', 'Szabolcsbáka'),
(2848, 15, '4496', 'Szabolcsveresmart'),
(2849, 13, '2111', 'Szada'),
(2850, 2, '7383', 'Szágy'),
(2851, 2, '7753', 'Szajk'),
(2852, 9, '3334', 'Szajla'),
(2853, 10, '5081', 'Szajol'),
(2854, 4, '3786', 'Szakácsi'),
(2855, 16, '7071', 'Szakadát'),
(2856, 4, '3596', 'Szakáld'),
(2857, 16, '7192', 'Szakály'),
(2858, 16, '7213', 'Szakcs'),
(2859, 1, '6336', 'Szakmár'),
(2860, 17, '9934', 'Szaknyér'),
(2861, 15, '4234', 'Szakoly'),
(2862, 7, '9474', 'Szakony'),
(2863, 17, '9983', 'Szakonyfalu'),
(2864, 11, '2856', 'Szákszend'),
(2865, 17, '9942', 'Szalafő'),
(2866, 2, '7811', 'Szalánta'),
(2867, 19, '8341', 'Szalapa'),
(2868, 4, '3863', 'Szalaszend'),
(2869, 2, '7334', 'Szalatnak'),
(2870, 16, '7121', 'Szálka'),
(2871, 1, '6086', 'Szalkszentmárton'),
(2872, 12, '3163', 'Szalmatercs'),
(2873, 4, '3754', 'Szalonna'),
(2874, 15, '4767', 'Szamosangyalos'),
(2875, 15, '4745', 'Szamosbecs'),
(2876, 15, '4721', 'Szamoskér'),
(2877, 15, '4735', 'Szamossályi'),
(2878, 15, '4824', 'Szamosszeg'),
(2879, 15, '4746', 'Szamostatárfalva'),
(2880, 15, '4734', 'Szamosújlak'),
(2881, 12, '2697', 'Szanda'),
(2882, 1, '6131', 'Szank'),
(2883, 14, '8622', 'Szántód'),
(2884, 7, '9317', 'Szany'),
(2885, 18, '8423', 'Szápár'),
(2886, 2, '7843', 'Szaporca'),
(2887, 6, '2066', 'Szár'),
(2888, 2, '7184', 'Szárász'),
(2889, 16, '7063', 'Szárazd'),
(2890, 7, '9353', 'Szárföld'),
(2891, 11, '2067', 'Szárliget'),
(2892, 3, '5540', 'Szarvas'),
(2893, 12, '3051', 'Szarvasgede'),
(2894, 17, '9913', 'Szarvaskend'),
(2895, 9, '3323', 'Szarvaskő'),
(2896, 10, '5053', 'Szászberek'),
(2897, 4, '3821', 'Szászfa'),
(2898, 2, '7349', 'Szászvár'),
(2899, 15, '4945', 'Szatmárcseke'),
(2900, 12, '2656', 'Szátok'),
(2901, 17, '9938', 'Szatta'),
(2902, 5, '6763', 'Szatymaz'),
(2903, 2, '7813', 'Szava'),
(2904, 13, '2440', 'Százhalombatta'),
(2905, 2, '7725', 'Szebény'),
(2906, 12, '2692', 'Szécsénke'),
(2907, 12, '3170', 'Szécsény'),
(2908, 12, '3135', 'Szécsényfelfalu'),
(2909, 19, '8879', 'Szécsisziget'),
(2910, 2, '7751', 'Szederkény'),
(2911, 16, '7056', 'Szedres'),
(2912, 5, '6700', 'Szeged'),
(2913, 5, '6710', 'Szeged'),
(2914, 5, '6720', 'Szeged'),
(2915, 5, '6721', 'Szeged'),
(2916, 5, '6722', 'Szeged'),
(2917, 5, '6723', 'Szeged'),
(2918, 5, '6724', 'Szeged'),
(2919, 5, '6725', 'Szeged'),
(2920, 5, '6726', 'Szeged'),
(2921, 5, '6727', 'Szeged'),
(2922, 5, '6728', 'Szeged'),
(2923, 5, '6729', 'Szeged'),
(2924, 5, '6753', 'Szeged'),
(2925, 5, '6757', 'Szeged'),
(2926, 5, '6771', 'Szeged'),
(2927, 5, '6791', 'Szeged'),
(2928, 14, '8732', 'Szegerdő'),
(2929, 3, '5520', 'Szeghalom'),
(2930, 4, '3918', 'Szegi'),
(2931, 4, '3918', 'Szegilong'),
(2932, 5, '6635', 'Szegvár'),
(2933, 15, '4534', 'Székely'),
(2934, 2, '7737', 'Székelyszabar'),
(2935, 6, '8000', 'Székesfehérvár'),
(2936, 6, '8019', 'Székesfehérvár'),
(2937, 5, '6821', 'Székkutas'),
(2938, 16, '7100', 'Szekszárd'),
(2939, 17, '9622', 'Szeleste'),
(2940, 10, '5476', 'Szelevény'),
(2941, 2, '7661', 'Szellő'),
(2942, 2, '7763', 'Szemely'),
(2943, 17, '9685', 'Szemenye'),
(2944, 4, '3866', 'Szemere'),
(2945, 12, '2640', 'Szendehely'),
(2946, 4, '3752', 'Szendrő'),
(2947, 4, '3751', 'Szendrőlád'),
(2948, 14, '7477', 'Szenna'),
(2949, 14, '8849', 'Szenta'),
(2950, 18, '8272', 'Szentantalfa'),
(2951, 14, '7472', 'Szentbalázs'),
(2952, 18, '8281', 'Szentbékkálla'),
(2953, 14, '7918', 'Szentborbás'),
(2954, 2, '7913', 'Szentdénes'),
(2955, 9, '3259', 'Szentdomonkos'),
(2956, 12, '2655', 'Szente'),
(2957, 2, '7915', 'Szentegát'),
(2958, 13, '2000', 'Szentendre'),
(2959, 5, '6600', 'Szentes'),
(2960, 18, '8444', 'Szentgál'),
(2961, 14, '7465', 'Szentgáloskér'),
(2962, 17, '9955', 'Szentgotthárd'),
(2963, 17, '9970', 'Szentgotthárd'),
(2964, 17, '9981', 'Szentgotthárd'),
(2965, 19, '8393', 'Szentgyörgyvár'),
(2966, 19, '8975', 'Szentgyörgyvölgy'),
(2967, 18, '8475', 'Szentimrefalva'),
(2968, 4, '3418', 'Szentistván'),
(2969, 4, '3844', 'Szentistvánbaksa'),
(2970, 18, '8272', 'Szentjakabfa'),
(2971, 2, '7681', 'Szentkatalin'),
(2972, 1, '6031', 'Szentkirály'),
(2973, 18, '8225', 'Szentkirályszabadja'),
(2974, 19, '8947', 'Szentkozmadombja'),
(2975, 2, '7936', 'Szentlászló'),
(2976, 19, '8893', 'Szentliszló'),
(2977, 2, '7940', 'Szentlőrinc'),
(2978, 13, '2255', 'Szentlőrinckáta'),
(2979, 19, '8872', 'Szentmargitfalva'),
(2980, 13, '2254', 'Szentmártonkáta'),
(2981, 17, '9799', 'Szentpéterfa'),
(2982, 19, '8953', 'Szentpéterfölde'),
(2983, 8, '4121', 'Szentpéterszeg'),
(2984, 19, '8762', 'Szentpéterúr'),
(2985, 14, '8717', 'Szenyér'),
(2986, 19, '8861', 'Szepetnek'),
(2987, 7, '9125', 'Szerecseny'),
(2988, 1, '6512', 'Szeremle'),
(2989, 4, '3900', 'Szerencs'),
(2990, 8, '4162', 'Szerep'),
(2991, 8, '4163', 'Szerep'),
(2992, 17, '9523', 'Szergény'),
(2993, 13, '2321', 'Szigetbecse'),
(2994, 13, '2317', 'Szigetcsép'),
(2995, 13, '2315', 'Szigethalom'),
(2996, 13, '2015', 'Szigetmonostor'),
(2997, 13, '2318', 'Szigetszentmárton'),
(2998, 13, '2310', 'Szigetszentmiklós'),
(2999, 13, '2319', 'Szigetújfalu'),
(3000, 2, '7900', 'Szigetvár'),
(3001, 18, '8264', 'Szigliget'),
(3002, 9, '3377', 'Szihalom'),
(3003, 19, '8969', 'Szijártóháza'),
(3004, 4, '3800', 'Szikszó'),
(3005, 7, '9326', 'Szil'),
(3006, 2, '7664', 'Szilágy'),
(3007, 12, '3125', 'Szilaspogony'),
(3008, 7, '9312', 'Szilsárkány'),
(3009, 19, '8986', 'Szilvágy'),
(3010, 2, '7811', 'Szilvás'),
(3011, 14, '7477', 'Szilvásszentmárton'),
(3012, 9, '3348', 'Szilvásvárad'),
(3013, 4, '3761', 'Szin'),
(3014, 4, '3761', 'Szinpetri'),
(3015, 12, '3044', 'Szirák'),
(3016, 4, '3711', 'Szirmabesenyő'),
(3017, 13, '2628', 'Szob'),
(3018, 18, '8452', 'Szőc'),
(3019, 17, '9935', 'Szőce'),
(3020, 13, '2134', 'Sződ'),
(3021, 13, '2133', 'Sződliget'),
(3022, 2, '7833', 'Szőke'),
(3023, 2, '7763', 'Szőkéd'),
(3024, 14, '8736', 'Szőkedencs'),
(3025, 13, '2624', 'Szokolya'),
(3026, 14, '8625', 'Szólád'),
(3027, 10, '5000', 'Szolnok'),
(3028, 10, '5008', 'Szolnok'),
(3029, 4, '3757', 'Szőlősardó'),
(3030, 14, '8692', 'Szőlősgyörök'),
(3031, 17, '9700', 'Szombathely'),
(3032, 17, '9707', 'Szombathely'),
(3033, 17, '9719', 'Szombathely'),
(3034, 11, '2896', 'Szomód'),
(3035, 4, '3411', 'Szomolya'),
(3036, 11, '2822', 'Szomor'),
(3037, 15, '4441', 'Szorgalmatos'),
(3038, 14, '7285', 'Szorosad'),
(3039, 9, '3341', 'Szúcs'),
(3040, 9, '3034', 'Szűcsi'),
(3041, 12, '3154', 'Szuha'),
(3042, 4, '3726', 'Szuhafő'),
(3043, 4, '3731', 'Szuhakálló'),
(3044, 4, '3734', 'Szuhogy'),
(3045, 2, '7932', 'Szulimán'),
(3046, 14, '7539', 'Szulok'),
(3047, 2, '7735', 'Szűr'),
(3048, 12, '3064', 'Szurdokpüspöki'),
(3049, 12, '2699', 'Szügy'),
(3050, 4, '3762', 'Szögliget'),
(3051, 2, '7976', 'Szörény'),
(3052, 19, '8897', 'Söjtör'),
(3053, 17, '9743', 'Söpte'),
(3054, 6, '8072', 'Söréd'),
(3055, 14, '8660', 'Tab'),
(3056, 6, '8088', 'Tabajd'),
(3057, 1, '6224', 'Tabdi'),
(3058, 13, '2381', 'Táborfalva'),
(3059, 6, '8121', 'Tác'),
(3060, 18, '8272', 'Tagyon'),
(3061, 13, '2021', 'Tahitótfalu'),
(3062, 13, '2022', 'Tahitótfalu'),
(3063, 18, '8541', 'Takácsi'),
(3064, 15, '4845', 'Tákos'),
(3065, 13, '2335', 'Taksony'),
(3066, 4, '3926', 'Taktabáj'),
(3067, 4, '3922', 'Taktaharkány'),
(3068, 4, '3924', 'Taktakenéz'),
(3069, 4, '3921', 'Taktaszada'),
(3070, 18, '8295', 'Taliándörögd'),
(3071, 4, '3907', 'Tállya'),
(3072, 16, '7090', 'Tamási'),
(3073, 16, '7091', 'Tamási'),
(3074, 17, '9762', 'Tanakajd'),
(3075, 7, '9095', 'Táp'),
(3076, 13, '2764', 'Tápióbicske'),
(3077, 13, '2767', 'Tápiógyörgye'),
(3078, 13, '2253', 'Tápióság'),
(3079, 13, '2251', 'Tápiószecső'),
(3080, 13, '2766', 'Tápiószele'),
(3081, 13, '2711', 'Tápiószentmárton'),
(3082, 13, '2769', 'Tápiószőlős'),
(3083, 17, '9761', 'Táplánszentkereszt'),
(3084, 18, '8297', 'Tapolca'),
(3085, 18, '8300', 'Tapolca'),
(3086, 14, '8718', 'Tapsony'),
(3087, 7, '9094', 'Tápszentmiklós'),
(3088, 12, '3073', 'Tar'),
(3089, 14, '7514', 'Tarany'),
(3090, 4, '3915', 'Tarcal'),
(3091, 4, '3416', 'Tard'),
(3092, 4, '3644', 'Tardona'),
(3093, 11, '2834', 'Tardos'),
(3094, 3, '5641', 'Tarhos'),
(3095, 11, '2831', 'Tarján'),
(3096, 7, '9092', 'Tarjánpuszta'),
(3097, 11, '2945', 'Tárkány'),
(3098, 9, '3369', 'Tarnabod'),
(3099, 9, '3258', 'Tarnalelesz'),
(3100, 9, '3284', 'Tarnaméra'),
(3101, 9, '3331', 'Tarnaszentmária'),
(3102, 9, '3382', 'Tarnaszentmiklós'),
(3103, 9, '3283', 'Tarnazsadány'),
(3104, 9, '3294', 'Tarnaörs'),
(3105, 13, '2461', 'Tárnok'),
(3106, 7, '9165', 'Tárnokréti'),
(3107, 15, '4931', 'Tarpa'),
(3108, 2, '7362', 'Tarrós'),
(3109, 14, '8696', 'Táska'),
(3110, 1, '6098', 'Tass'),
(3111, 14, '7261', 'Taszár'),
(3112, 11, '2534', 'Tát'),
(3113, 11, '2835', 'Tata'),
(3114, 11, '2890', 'Tata'),
(3115, 11, '2800', 'Tatabánya'),
(3116, 1, '6451', 'Tataháza'),
(3117, 13, '2375', 'Tatárszentgyörgy'),
(3118, 1, '6236', 'Tázlár'),
(3119, 8, '4243', 'Téglás'),
(3120, 2, '7381', 'Tékes'),
(3121, 2, '7973', 'Teklafalu'),
(3122, 17, '9812', 'Telekes'),
(3123, 3, '5675', 'Telekgerendás'),
(3124, 14, '8626', 'Teleki'),
(3125, 13, '2089', 'Telki'),
(3126, 4, '3896', 'Telkibánya'),
(3127, 16, '7054', 'Tengelic'),
(3128, 2, '7834', 'Tengeri'),
(3129, 14, '8668', 'Tengőd'),
(3130, 9, '3359', 'Tenk'),
(3131, 7, '9111', 'Tényő'),
(3132, 8, '4132', 'Tépe'),
(3133, 15, '4342', 'Terem'),
(3134, 12, '2696', 'Terény'),
(3135, 12, '2652', 'Tereske'),
(3136, 4, '3757', 'Teresztenye'),
(3137, 9, '3334', 'Terpes'),
(3138, 18, '8109', 'Tés'),
(3139, 13, '2635', 'Tésa'),
(3140, 2, '7843', 'Tésenfa'),
(3141, 2, '7834', 'Téseny'),
(3142, 19, '8991', 'Teskánd'),
(3143, 7, '9100', 'Tét'),
(3144, 8, '4184', 'Tetétlen'),
(3145, 16, '7181', 'Tevel'),
(3146, 4, '3423', 'Tibolddaróc'),
(3147, 15, '4353', 'Tiborszállás'),
(3148, 18, '8237', 'Tihany'),
(3149, 14, '8731', 'Tikos'),
(3150, 19, '8782', 'Tilaj'),
(3151, 15, '4466', 'Timár'),
(3152, 13, '2086', 'Tinnye'),
(3153, 15, '4833', 'Tiszaadony'),
(3154, 1, '6066', 'Tiszaalpár'),
(3155, 1, '6067', 'Tiszaalpár'),
(3156, 4, '3465', 'Tiszabábolna'),
(3157, 15, '4951', 'Tiszabecs'),
(3158, 15, '4474', 'Tiszabercel'),
(3159, 15, '4624', 'Tiszabezdéd'),
(3160, 10, '5232', 'Tiszabő'),
(3161, 10, '5235', 'Tiszabura'),
(3162, 15, '4947', 'Tiszacsécse'),
(3163, 8, '4066', 'Tiszacsege'),
(3164, 4, '3972', 'Tiszacsermely'),
(3165, 15, '4455', 'Tiszadada'),
(3166, 10, '5243', 'Tiszaderzs'),
(3167, 15, '4456', 'Tiszadob'),
(3168, 4, '3466', 'Tiszadorogma'),
(3169, 15, '4446', 'Tiszaeszlár'),
(3170, 15, '4464', 'Tiszaeszlár'),
(3171, 10, '5350', 'Tiszafüred'),
(3172, 10, '5358', 'Tiszafüred'),
(3173, 10, '5359', 'Tiszafüred'),
(3174, 10, '5430', 'Tiszaföldvár'),
(3175, 10, '5461', 'Tiszaföldvár'),
(3176, 10, '5233', 'Tiszagyenda'),
(3177, 8, '4097', 'Tiszagyulaháza'),
(3178, 10, '5361', 'Tiszaigar'),
(3179, 10, '5464', 'Tiszainoka'),
(3180, 10, '5094', 'Tiszajenő'),
(3181, 15, '4493', 'Tiszakanyár'),
(3182, 4, '3971', 'Tiszakarád'),
(3183, 1, '6060', 'Tiszakécske'),
(3184, 1, '6062', 'Tiszakécske'),
(3185, 15, '4834', 'Tiszakerecseny'),
(3186, 4, '3458', 'Tiszakeszi'),
(3187, 15, '4946', 'Tiszakóród'),
(3188, 10, '5471', 'Tiszakürt'),
(3189, 10, '5472', 'Tiszakürt'),
(3190, 4, '3929', 'Tiszaladány'),
(3191, 4, '3565', 'Tiszalúc'),
(3192, 15, '4447', 'Tiszalök'),
(3193, 15, '4450', 'Tiszalök'),
(3194, 15, '4645', 'Tiszamogyorós'),
(3195, 15, '4463', 'Tiszanagyfalu'),
(3196, 9, '3385', 'Tiszanána'),
(3197, 4, '3587', 'Tiszapalkonya'),
(3198, 10, '5211', 'Tiszapüspöki'),
(3199, 15, '4503', 'Tiszarád'),
(3200, 10, '5234', 'Tiszaroff'),
(3201, 10, '5474', 'Tiszasas'),
(3202, 10, '5061', 'Tiszasüly'),
(3203, 15, '4831', 'Tiszaszalka'),
(3204, 10, '5322', 'Tiszaszentimre'),
(3205, 10, '5323', 'Tiszaszentimre'),
(3206, 15, '4628', 'Tiszaszentmárton'),
(3207, 5, '6756', 'Tiszasziget'),
(3208, 10, '5244', 'Tiszaszőlős'),
(3209, 4, '3928', 'Tiszatardos'),
(3210, 4, '3589', 'Tiszatarján'),
(3211, 15, '4486', 'Tiszatelek'),
(3212, 15, '4487', 'Tiszatelek'),
(3213, 10, '5082', 'Tiszatenyő'),
(3214, 1, '6064', 'Tiszaug'),
(3215, 4, '3580', 'Tiszaújváros'),
(3216, 4, '3464', 'Tiszavalk'),
(3217, 10, '5092', 'Tiszavárkony'),
(3218, 10, '5095', 'Tiszavárkony'),
(3219, 15, '4440', 'Tiszavasvári'),
(3220, 15, '4832', 'Tiszavid'),
(3221, 10, '5362', 'Tiszaörs'),
(3222, 15, '4969', 'Tisztaberek'),
(3223, 15, '4921', 'Tivadar'),
(3224, 13, '2252', 'Tóalmás'),
(3225, 9, '3354', 'Tófalu'),
(3226, 19, '8946', 'Tófej'),
(3227, 2, '7348', 'Tófű'),
(3228, 4, '3910', 'Tokaj'),
(3229, 11, '2531', 'Tokod'),
(3230, 11, '2532', 'Tokodaltáró'),
(3231, 17, '9561', 'Tokorcs'),
(3232, 4, '3934', 'Tolcsva'),
(3233, 8, '4117', 'Told'),
(3234, 12, '2657', 'Tolmács'),
(3235, 16, '7130', 'Tolna'),
(3236, 16, '7131', 'Tolna'),
(3237, 16, '7083', 'Tolnanémedi'),
(3238, 10, '5324', 'Tomajmonostora'),
(3239, 4, '3787', 'Tomor'),
(3240, 1, '6422', 'Tompa'),
(3241, 17, '9662', 'Tompaládony'),
(3242, 6, '2463', 'Tordas'),
(3243, 19, '8876', 'Tormafölde'),
(3244, 2, '7383', 'Tormás'),
(3245, 17, '9736', 'Tormásliget'),
(3246, 4, '3765', 'Tornabarakony'),
(3247, 4, '3761', 'Tornakápolna'),
(3248, 4, '3767', 'Tornanádaska'),
(3249, 4, '3765', 'Tornaszentandrás'),
(3250, 4, '3769', 'Tornaszentjakab'),
(3251, 19, '8877', 'Tornyiszentmiklós'),
(3252, 4, '3877', 'Tornyosnémeti'),
(3253, 15, '4642', 'Tornyospálca'),
(3254, 17, '9791', 'Torony'),
(3255, 14, '8660', 'Torvaj'),
(3256, 10, '5091', 'Tószeg'),
(3257, 3, '5940', 'Tótkomlós'),
(3258, 2, '7981', 'Tótszentgyörgy'),
(3259, 19, '8865', 'Tótszentmárton'),
(3260, 19, '8864', 'Tótszerdahely'),
(3261, 14, '7918', 'Tótújfalu'),
(3262, 18, '8246', 'Tótvázsony'),
(3263, 4, '3724', 'Trizs'),
(3264, 15, '4731', 'Tunyogmatolcs'),
(3265, 13, '2194', 'Tura'),
(3266, 15, '4944', 'Túristvándi'),
(3267, 10, '5420', 'Túrkeve'),
(3268, 2, '7811', 'Túrony'),
(3269, 15, '4968', 'Túrricse'),
(3270, 15, '4623', 'Tuzsér'),
(3271, 19, '8796', 'Türje'),
(3272, 18, '8477', 'Tüskevár'),
(3273, 15, '4762', 'Tyukod'),
(3274, 13, '2073', 'Tök'),
(3275, 13, '2316', 'Tököl'),
(3276, 7, '9086', 'Töltéstava'),
(3277, 17, '9738', 'Tömörd'),
(3278, 5, '6646', 'Tömörkény'),
(3279, 13, '2747', 'Törtel'),
(3280, 13, '2045', 'Törökbálint'),
(3281, 14, '7285', 'Törökkoppány'),
(3282, 10, '5200', 'Törökszentmiklós'),
(3283, 10, '5212', 'Törökszentmiklós'),
(3284, 2, '7755', 'Töttös'),
(3285, 2, '7718', 'Udvar'),
(3286, 16, '7066', 'Udvari'),
(3287, 18, '8564', 'Ugod'),
(3288, 6, '2066', 'Újbarok'),
(3289, 4, '3716', 'Újcsanálos'),
(3290, 15, '4491', 'Újdombrád'),
(3291, 15, '4244', 'Újfehértó'),
(3292, 13, '2367', 'Újhartyán'),
(3293, 8, '4146', 'Újiráz'),
(3294, 16, '7095', 'Újireg'),
(3295, 15, '4635', 'Újkenéz'),
(3296, 7, '9472', 'Újkér'),
(3297, 3, '5661', 'Újkígyós'),
(3298, 13, '2724', 'Újlengyel'),
(3299, 8, '4288', 'Újléta'),
(3300, 9, '3387', 'Újlőrincfalva'),
(3301, 2, '7766', 'Újpetre'),
(3302, 7, '9244', 'Újrónafő'),
(3303, 1, '6320', 'Újsolt'),
(3304, 3, '5727', 'Újszalonta'),
(3305, 10, '5052', 'Újszász'),
(3306, 5, '6754', 'Újszentiván'),
(3307, 8, '4065', 'Újszentmargita'),
(3308, 13, '2768', 'Újszilvás'),
(3309, 1, '6337', 'Újtelek'),
(3310, 8, '4096', 'Újtikos'),
(3311, 19, '8778', 'Újudvar'),
(3312, 14, '7436', 'Újvárfalva'),
(3313, 18, '8347', 'Ukk'),
(3314, 7, '9464', 'Und'),
(3315, 11, '2528', 'Úny'),
(3316, 4, '3622', 'Uppony'),
(3317, 15, '4763', 'Ura'),
(3318, 17, '9651', 'Uraiújfalu'),
(3319, 6, '8142', 'Úrhida'),
(3320, 13, '2244', 'Úri'),
(3321, 18, '8409', 'Úrkút'),
(3322, 15, '4952', 'Uszka'),
(3323, 1, '6332', 'Uszód'),
(3324, 18, '8321', 'Uzsa'),
(3325, 13, '2600', 'Vác'),
(3326, 13, '2167', 'Vácduka'),
(3327, 13, '2184', 'Vácegres'),
(3328, 13, '2164', 'Váchartyán'),
(3329, 13, '2185', 'Váckisújfalu'),
(3330, 13, '2163', 'Vácrátót'),
(3331, 13, '2115', 'Vácszentlászló'),
(3332, 4, '3636', 'Vadna'),
(3333, 7, '9346', 'Vadosfa'),
(3334, 7, '9327', 'Vág'),
(3335, 4, '3992', 'Vágáshuta'),
(3336, 15, '4562', 'Vaja'),
(3337, 4, '3961', 'Vajdácska'),
(3338, 2, '7838', 'Vajszló'),
(3339, 6, '7041', 'Vajta'),
(3340, 6, '2473', 'Vál'),
(3341, 13, '2114', 'Valkó'),
(3342, 19, '8885', 'Valkonya'),
(3343, 15, '4351', 'Vállaj'),
(3344, 19, '8316', 'Vállus'),
(3345, 15, '4936', 'Vámosatya'),
(3346, 17, '9665', 'Vámoscsalád'),
(3347, 9, '3291', 'Vámosgyörk'),
(3348, 13, '2635', 'Vámosmikola'),
(3349, 15, '4966', 'Vámosoroszi'),
(3350, 8, '4287', 'Vámospércs'),
(3351, 7, '9061', 'Vámosszabadi'),
(3352, 4, '3941', 'Vámosújfalu'),
(3353, 8, '4119', 'Váncsod'),
(3354, 12, '2688', 'Vanyarc'),
(3355, 18, '8552', 'Vanyola'),
(3356, 2, '7973', 'Várad'),
(3357, 16, '7354', 'Váralja'),
(3358, 14, '8723', 'Varászló');
INSERT INTO `telepulesek` (`id`, `varmegyek_id`, `i_szam`, `telepules`) VALUES
(3359, 9, '3254', 'Váraszó'),
(3360, 7, '9243', 'Várbalog'),
(3361, 4, '3778', 'Varbó'),
(3362, 4, '3756', 'Varbóc'),
(3363, 14, '7442', 'Várda'),
(3364, 16, '7146', 'Várdomb'),
(3365, 19, '8891', 'Várfölde'),
(3366, 2, '7370', 'Varga'),
(3367, 11, '2824', 'Várgesztes'),
(3368, 18, '8523', 'Várkesző'),
(3369, 16, '7214', 'Várong'),
(3370, 1, '6033', 'Városföld'),
(3371, 18, '8445', 'Városlőd'),
(3372, 18, '8100', 'Várpalota'),
(3373, 18, '8103', 'Várpalota'),
(3374, 18, '8104', 'Várpalota'),
(3375, 16, '7067', 'Varsád'),
(3376, 12, '3178', 'Varsány'),
(3377, 19, '8316', 'Várvölgy'),
(3378, 13, '2211', 'Vasad'),
(3379, 17, '9921', 'Vasalja'),
(3380, 2, '7926', 'Vásárosbéc'),
(3381, 2, '7362', 'Vásárosdombó'),
(3382, 7, '9343', 'Vásárosfalu'),
(3383, 17, '9552', 'Vásárosmiske'),
(3384, 15, '4800', 'Vásárosnamény'),
(3385, 15, '4803', 'Vásárosnamény'),
(3386, 15, '4804', 'Vásárosnamény'),
(3387, 17, '9744', 'Vasasszonyfa'),
(3388, 19, '8914', 'Vasboldogasszony'),
(3389, 17, '9661', 'Vasegerszeg'),
(3390, 17, '9674', 'Vashosszúfalu'),
(3391, 17, '9795', 'Vaskeresztes'),
(3392, 1, '6521', 'Vaskút'),
(3393, 15, '4502', 'Vasmegyer'),
(3394, 19, '8998', 'Vaspör'),
(3395, 17, '9741', 'Vassurány'),
(3396, 17, '9763', 'Vasszécseny'),
(3397, 17, '9953', 'Vasszentmihály'),
(3398, 17, '9747', 'Vasszilvágy'),
(3399, 17, '9800', 'Vasvár'),
(3400, 18, '8542', 'Vaszar'),
(3401, 18, '8245', 'Vászoly'),
(3402, 17, '9748', 'Vát'),
(3403, 4, '3431', 'Vatta'),
(3404, 2, '7370', 'Vázsnok'),
(3405, 9, '3265', 'Vécs'),
(3406, 13, '2220', 'Vecsés'),
(3407, 3, '5811', 'Végegyháza'),
(3408, 2, '7838', 'Vejti'),
(3409, 2, '7333', 'Vékény'),
(3410, 8, '4143', 'Vekerd'),
(3411, 17, '9726', 'Velem'),
(3412, 17, '9946', 'Velemér'),
(3413, 6, '2481', 'Velence'),
(3414, 2, '7951', 'Velény'),
(3415, 2, '7726', 'Véménd'),
(3416, 7, '9062', 'Vének'),
(3417, 17, '9751', 'Vép'),
(3418, 6, '2477', 'Vereb'),
(3419, 13, '2112', 'Veresegyház'),
(3420, 13, '2621', 'Verőce'),
(3421, 9, '3351', 'Verpelét'),
(3422, 13, '2174', 'Verseg'),
(3423, 2, '7752', 'Versend'),
(3424, 6, '8089', 'Vértesacsa'),
(3425, 6, '8085', 'Vértesboglár'),
(3426, 11, '2859', 'Vérteskethely'),
(3427, 11, '2823', 'Vértessomló'),
(3428, 11, '2837', 'Vértesszőlős'),
(3429, 11, '2833', 'Vértestolna'),
(3430, 14, '8721', 'Vése'),
(3431, 7, '9352', 'Veszkény'),
(3432, 18, '8200', 'Veszprém'),
(3433, 18, '8411', 'Veszprém'),
(3434, 18, '8412', 'Veszprém'),
(3435, 18, '8248', 'Veszprémfajsz'),
(3436, 18, '8475', 'Veszprémgalsa'),
(3437, 7, '8438', 'Veszprémvarsány'),
(3438, 3, '5530', 'Vésztő'),
(3439, 10, '5093', 'Vezseny'),
(3440, 18, '8484', 'Vid'),
(3441, 18, '8294', 'Vigántpetend'),
(3442, 2, '7773', 'Villány'),
(3443, 2, '7772', 'Villánykövesd'),
(3444, 4, '3891', 'Vilmány'),
(3445, 18, '8194', 'Vilonya'),
(3446, 4, '3991', 'Vilyvitány'),
(3447, 18, '9535', 'Vinár'),
(3448, 19, '8354', 'Vindornyafok'),
(3449, 19, '8353', 'Vindornyalak'),
(3450, 19, '8355', 'Vindornyaszőlős'),
(3451, 13, '2025', 'Visegrád'),
(3452, 13, '2026', 'Visegrád'),
(3453, 14, '7533', 'Visnye'),
(3454, 9, '3271', 'Visonta'),
(3455, 9, '3272', 'Visonta'),
(3456, 4, '3956', 'Viss'),
(3457, 14, '8681', 'Visz'),
(3458, 17, '9932', 'Viszák'),
(3459, 4, '3825', 'Viszló'),
(3460, 9, '3293', 'Visznek'),
(3461, 7, '9371', 'Vitnyéd'),
(3462, 12, '3128', 'Vizslás'),
(3463, 4, '3888', 'Vizsoly'),
(3464, 14, '7588', 'Vízvár'),
(3465, 2, '7768', 'Vokány'),
(3466, 19, '8314', 'Vonyarcvashegy'),
(3467, 19, '8931', 'Vöckönd'),
(3468, 7, '9462', 'Völcsej'),
(3469, 17, '9516', 'Vönöck'),
(3470, 14, '8711', 'Vörs'),
(3471, 18, '8291', 'Vöröstó'),
(3472, 5, '6794', 'Üllés'),
(3473, 13, '2225', 'Üllő'),
(3474, 13, '2096', 'Üröm'),
(3475, 12, '3124', 'Zabar'),
(3476, 2, '7976', 'Zádor'),
(3477, 4, '3726', 'Zádorfalva'),
(3478, 10, '5051', 'Zagyvarékas'),
(3479, 9, '3031', 'Zagyvaszántó'),
(3480, 15, '4625', 'Záhony'),
(3481, 19, '8868', 'Zajk'),
(3482, 15, '4974', 'Zajta'),
(3483, 14, '8852', 'Zákány'),
(3484, 14, '8853', 'Zákányfalu'),
(3485, 5, '6787', 'Zákányszék'),
(3486, 14, '8660', 'Zala'),
(3487, 19, '8741', 'Zalaapáti'),
(3488, 19, '8971', 'Zalabaksa'),
(3489, 19, '8798', 'Zalabér'),
(3490, 19, '8992', 'Zalaboldogfa'),
(3491, 19, '8782', 'Zalacsány'),
(3492, 19, '8996', 'Zalacséb'),
(3493, 19, '8900', 'Zalaegerszeg'),
(3494, 18, '8344', 'Zalaerdőd'),
(3495, 18, '8349', 'Zalagyömörő'),
(3496, 18, '8308', 'Zalahaláp'),
(3497, 19, '8997', 'Zalaháshágy'),
(3498, 19, '8761', 'Zalaigrice'),
(3499, 19, '8932', 'Zalaistvánd'),
(3500, 19, '8749', 'Zalakaros'),
(3501, 19, '8751', 'Zalakomár'),
(3502, 19, '8752', 'Zalakomár'),
(3503, 19, '8354', 'Zalaköveskút'),
(3504, 19, '8999', 'Zalalövő'),
(3505, 18, '8348', 'Zalameggyes'),
(3506, 19, '8747', 'Zalamerenye'),
(3507, 19, '8756', 'Zalasárszeg'),
(3508, 19, '8743', 'Zalaszabar'),
(3509, 19, '8353', 'Zalaszántó'),
(3510, 18, '8476', 'Zalaszegvár'),
(3511, 19, '8772', 'Zalaszentbalázs'),
(3512, 19, '8785', 'Zalaszentgrót'),
(3513, 19, '8789', 'Zalaszentgrót'),
(3514, 19, '8790', 'Zalaszentgrót'),
(3515, 19, '8793', 'Zalaszentgrót'),
(3516, 19, '8795', 'Zalaszentgrót'),
(3517, 19, '8994', 'Zalaszentgyörgy'),
(3518, 19, '8921', 'Zalaszentiván'),
(3519, 19, '8827', 'Zalaszentjakab'),
(3520, 19, '8788', 'Zalaszentlászló'),
(3521, 19, '8921', 'Zalaszentlőrinc'),
(3522, 19, '8764', 'Zalaszentmárton'),
(3523, 19, '8936', 'Zalaszentmihály'),
(3524, 19, '8969', 'Zalaszombatfa'),
(3525, 2, '7839', 'Zaláta'),
(3526, 19, '8947', 'Zalatárnok'),
(3527, 19, '8822', 'Zalaújlak'),
(3528, 19, '8392', 'Zalavár'),
(3529, 19, '8792', 'Zalavég'),
(3530, 4, '3957', 'Zalkod'),
(3531, 14, '8621', 'Zamárdi'),
(3532, 6, '8081', 'Zámoly'),
(3533, 18, '8251', 'Zánka'),
(3534, 9, '3296', 'Zaránk'),
(3535, 16, '7182', 'Závod'),
(3536, 19, '8957', 'Zebecke'),
(3537, 13, '2627', 'Zebegény'),
(3538, 4, '3977', 'Zemplénagárd'),
(3539, 2, '7720', 'Zengővárkony'),
(3540, 6, '8112', 'Zichyújfalu'),
(3541, 14, '8672', 'Zics'),
(3542, 4, '3794', 'Ziliz'),
(3543, 14, '7471', 'Zimány'),
(3544, 18, '8420', 'Zirc'),
(3545, 2, '7671', 'Zók'),
(3546, 16, '7173', 'Zomba'),
(3547, 3, '5537', 'Zsadány'),
(3548, 8, '4142', 'Zsáka'),
(3549, 13, '2072', 'Zsámbék'),
(3550, 13, '2116', 'Zsámbok'),
(3551, 1, '6411', 'Zsana'),
(3552, 15, '4961', 'Zsarolyán'),
(3553, 7, '9346', 'Zsebeháza'),
(3554, 17, '9635', 'Zsédeny'),
(3555, 14, '7477', 'Zselickisfalud'),
(3556, 14, '7400', 'Zselickislak'),
(3557, 14, '7474', 'Zselicszentpál'),
(3558, 17, '9766', 'Zsennye'),
(3559, 7, '9476', 'Zsira'),
(3560, 5, '6792', 'Zsombó'),
(3561, 4, '3897', 'Zsujta'),
(3562, 15, '4627', 'Zsurk'),
(3563, 4, '3723', 'Zubogy'),
(3564, 18, '8292', 'Öcs'),
(3565, 10, '5451', 'Öcsöd'),
(3566, 15, '4755', 'Ököritófülpös'),
(3567, 17, '9621', 'Ölbő'),
(3568, 15, '4373', 'Ömböly'),
(3569, 1, '6311', 'Öregcsertő'),
(3570, 14, '8697', 'Öreglak'),
(3571, 13, '2377', 'Örkény'),
(3572, 10, '5222', 'Örményes'),
(3573, 3, '5556', 'Örménykút'),
(3574, 18, '8242', 'Örvényes'),
(3575, 18, '8191', 'Öskü'),
(3576, 7, '9153', 'Öttevény'),
(3577, 5, '6784', 'Öttömös'),
(3578, 14, '7511', 'Ötvöskónyi');

-- --------------------------------------------------------

--
-- Tábla szerkezet ehhez a táblához `termek`
--

CREATE TABLE `termek` (
  `id` int(11) NOT NULL,
  `termek_csoport_id` int(11) NOT NULL,
  `megnevezes` varchar(100) NOT NULL,
  `leiras` varchar(100) NOT NULL,
  `kep` varchar(80) NOT NULL,
  `netto_egyseg_ar` int(11) NOT NULL,
  `mennyisegi_egysegek_id` int(11) NOT NULL,
  `afa_kulcs_id` int(11) NOT NULL
) ENGINE=InnoDB DEFAULT CHARSET=utf8 COLLATE=utf8_hungarian_ci;

--
-- A tábla adatainak kiíratása `termek`
--

INSERT INTO `termek` (`id`, `termek_csoport_id`, `megnevezes`, `leiras`, `kep`, `netto_egyseg_ar`, `mennyisegi_egysegek_id`, `afa_kulcs_id`) VALUES
(1, 1, 'Sajtburger', 'igen', 'asd', 500, 3, 2),
(2, 4, 'Sajtleves', 'sajtos', 'asd', 400, 4, 2),
(3, 4, 'Fokhagyma krémleves', 'leirasIde', 'kepIde', 500, 4, 2),
(4, 4, 'Gyümölcsleves', 'leirasIde', 'kepIde', 500, 4, 2),
(5, 4, 'Halászlé', 'leirasIde', 'kepIde', 500, 4, 2),
(6, 4, 'Brokkoli krémleves', 'leirasIde', 'kepIde', 500, 4, 2),
(7, 4, 'Paradicsomleves', 'leirasIde', 'kepIde', 500, 4, 2),
(8, 4, 'Bableves', 'leirasIde', 'kepIde', 500, 4, 2),
(9, 4, 'Gulyásleves', 'leirasIde', 'kepIde', 500, 4, 2),
(10, 4, 'Húsleves', 'leirasIde', 'kepIde', 500, 4, 2),
(11, 1, 'Marha hamburger', 'leirasIde', 'kepIde', 510, 3, 2),
(12, 1, 'Csirke hamburger', 'leirasIde', 'kepIde', 510, 3, 2),
(13, 1, 'Sertés hamburger', 'leirasIde', 'kepIde', 510, 3, 2),
(14, 1, 'Magyaros hamburger', 'leirasIde', 'kepIde', 510, 3, 2),
(15, 1, 'Retro hamburger', 'leirasIde', 'kepIde', 510, 3, 2),
(16, 2, 'Rántott hús', 'leirasIde', 'kepIde', 600, 4, 2),
(17, 2, 'Rántott sajt', 'leirasIde', 'kepIde', 600, 4, 2),
(18, 2, 'Cigány pecsenye', 'leirasIde', 'kepIde', 600, 4, 2),
(19, 2, 'Rostonsült Csirekmell', 'leirasIde', 'kepIde', 600, 4, 2),
(20, 2, 'Cordon Bleu', 'leirasIde', 'kepIde', 600, 4, 2),
(21, 3, 'Milánói makaróni', 'leirasIde', 'kepIde', 400, 4, 2),
(22, 3, 'Spenótos tészta', 'leirasIde', 'kepIde', 400, 4, 2),
(23, 3, 'Csirkés penne', 'leirasIde', 'kepIde', 400, 4, 2),
(24, 3, 'Carbonara spagetti', 'leirasIde', 'kepIde', 400, 4, 2),
(25, 3, 'Szecsuáni csípős tészta', 'leirasIde', 'kepIde', 400, 4, 2),
(26, 5, 'Gyros tál', 'leirasIde', 'kepIde', 300, 4, 2),
(27, 5, 'Gyros pitában', 'leirasIde', 'kepIde', 300, 4, 2),
(28, 5, 'Gyros tortillában', 'leirasIde', 'kepIde', 300, 4, 2),
(29, 6, 'Margaréta pizza', 'leirasIde', 'kepIde', 1300, 1, 2),
(30, 6, 'Hawaii pizza', 'leirasIde', 'kepIde', 1300, 1, 2),
(31, 6, 'SonGoKu pizza', 'leirasIde', 'kepIde', 1300, 1, 2),
(32, 6, 'Magyaros pizza', 'leirasIde', 'kepIde', 1300, 1, 2),
(33, 6, 'Húsimádó pizza', 'leirasIde', 'kepIde', 1300, 1, 2),
(34, 6, 'Gyros pizza', 'leirasIde', 'kepIde', 1300, 1, 2),
(35, 6, 'Szalámis pizzas', 'leirasIde', 'kepIde', 1300, 1, 2),
(36, 6, 'Sonkás Kukoricás pizza', 'leirasIde', 'kepIde', 1300, 1, 2),
(37, 6, 'Ketész pizza', 'leirasIde', 'kepIde', 1300, 1, 2),
(38, 7, 'Tartár mártás', 'leirasIde', 'kepIde', 1300, 5, 2),
(39, 7, 'BBQ szósz', 'leirasIde', 'kepIde', 1300, 5, 2),
(40, 7, 'Bazsalikomos ketchup', 'leirasIde', 'kepIde', 1300, 5, 2),
(41, 7, 'Kapor mártás', 'leirasIde', 'kepIde', 1300, 5, 2),
(42, 7, 'Sajt mártás', 'leirasIde', 'kepIde', 1300, 5, 2),
(43, 7, 'Mézes mustáros mártás', 'leirasIde', 'kepIde', 1300, 5, 2),
(44, 8, 'Görög saláta', 'leirasIde', 'kepIde', 1400, 4, 2),
(45, 8, 'Cézár saláta', 'leirasIde', 'kepIde', 1400, 4, 2),
(46, 8, 'Gyümölcs saláta', 'leirasIde', 'kepIde', 1400, 4, 2),
(47, 8, 'Krumli saláta', 'leirasIde', 'kepIde', 1400, 4, 2),
(48, 9, 'Steak burgonya', 'leirasIde', 'kepIde', 1500, 4, 2),
(49, 9, 'Burgonypüré', 'leirasIde', 'kepIde', 1500, 4, 2),
(50, 9, 'Rizs', 'leirasIde', 'kepIde', 1500, 4, 2),
(51, 9, 'Sült krumli', 'leirasIde', 'kepIde', 1500, 4, 2),
(52, 9, 'Rizibizi', 'leirasIde', 'kepIde', 1500, 4, 2),
(53, 10, 'Francia krémes', 'leirasIde', 'kepIde', 1500, 4, 2),
(54, 10, 'Sajt torta', 'leirasIde', 'kepIde', 1500, 4, 2),
(55, 10, 'Linzer', 'leirasIde', 'kepIde', 1500, 4, 2),
(56, 10, 'Tiramisu', 'leirasIde', 'kepIde', 1500, 4, 2),
(57, 10, 'Palacsinta', 'leirasIde', 'kepIde', 1500, 4, 2),
(58, 11, 'Coca-cola', 'leirasIde', 'kepIde', 1500, 2, 2),
(59, 11, 'Pepsi', 'leirasIde', 'kepIde', 1500, 2, 2),
(60, 11, 'Fanta narancs', 'leirasIde', 'kepIde', 1500, 2, 2),
(61, 11, 'Szentkirályi szénsavas', 'leirasIde', 'kepIde', 1500, 2, 2),
(62, 11, 'Mizse szénsavas', 'leirasIde', 'kepIde', 1500, 2, 2),
(63, 11, 'Nestlé szénsavas', 'leirasIde', 'kepIde', 1500, 2, 2),
(64, 12, 'Almalé', 'leirasIde', 'kepIde', 1500, 2, 2),
(65, 12, 'Narancslé', 'leirasIde', 'kepIde', 1500, 2, 2),
(66, 12, 'Baracklé', 'leirasIde', 'kepIde', 1500, 2, 2),
(67, 13, 'Redbull energiaital', 'leirasIde', 'kepIde', 1500, 2, 2),
(68, 13, 'Monster energiaital', 'leirasIde', 'kepIde', 1500, 2, 2),
(69, 13, 'Hell energiaital', 'leirasIde', 'kepIde', 1500, 2, 2),
(70, 14, 'Borsodi', 'leirasIde', 'kepIde', 1500, 2, 2),
(71, 14, 'Aranyászok', 'leirasIde', 'kepIde', 1500, 2, 2),
(72, 14, 'Heineken', 'leirasIde', 'kepIde', 1500, 2, 2),
(73, 14, 'Thummerer Egri Tréfli Cuvée vörös édes', 'leirasIde', 'kepIde', 1500, 2, 2),
(74, 15, 'Fuze tea citromos', 'leirasIde', 'kepIde', 1500, 2, 2),
(75, 15, 'Fuze tea barackos', 'leirasIde', 'kepIde', 1500, 2, 2),
(76, 15, 'Rauch citromos', 'leirasIde', 'kepIde', 1500, 2, 2),
(77, 15, 'Rauch barackos', 'leirasIde', 'kepIde', 1500, 2, 2),
(78, 16, 'Szentkirályi szénsavmentes', 'leirasIde', 'kepIde', 1500, 2, 2),
(79, 16, 'Mizse szénsavmentes', 'leirasIde', 'kepIde', 1500, 2, 2),
(80, 16, 'Nestlé szénsavmentes', 'leirasIde', 'kepIde', 1500, 2, 2);

-- --------------------------------------------------------

--
-- Tábla szerkezet ehhez a táblához `termek_csomag`
--

CREATE TABLE `termek_csomag` (
  `id` int(11) NOT NULL,
  `megnevezes` varchar(30) NOT NULL,
  `leiras` varchar(200) NOT NULL,
  `kep` varchar(80) NOT NULL
) ENGINE=InnoDB DEFAULT CHARSET=utf8 COLLATE=utf8_hungarian_ci;

-- --------------------------------------------------------

--
-- Tábla szerkezet ehhez a táblához `termek_csomag_reszletei`
--

CREATE TABLE `termek_csomag_reszletei` (
  `id` int(11) NOT NULL,
  `termek_csomag_id` int(11) NOT NULL,
  `termek_id` int(11) NOT NULL,
  `mennyiseg` int(11) NOT NULL,
  `netto_egyseg_ar` int(11) NOT NULL
) ENGINE=InnoDB DEFAULT CHARSET=utf8 COLLATE=utf8_hungarian_ci;

-- --------------------------------------------------------

--
-- Tábla szerkezet ehhez a táblához `termek_csoport`
--

CREATE TABLE `termek_csoport` (
  `id` int(11) NOT NULL,
  `termek_kategoria_id` int(11) NOT NULL,
  `megnevezes` varchar(30) NOT NULL
) ENGINE=InnoDB DEFAULT CHARSET=utf8 COLLATE=utf8_hungarian_ci;

--
-- A tábla adatainak kiíratása `termek_csoport`
--

INSERT INTO `termek_csoport` (`id`, `termek_kategoria_id`, `megnevezes`) VALUES
(1, 1, 'Hamburgerek'),
(2, 1, 'Frissensültek'),
(3, 1, 'Tészták'),
(4, 1, 'Levesek'),
(5, 1, 'Gyrosok'),
(6, 1, 'Pizzák'),
(7, 1, 'Mártások'),
(8, 1, 'Saláták'),
(9, 1, 'Köretek'),
(10, 1, 'Desszertek'),
(11, 2, 'Szénsavas üdítők'),
(12, 2, 'Gyümölcslevek'),
(13, 2, 'Energiaitalok'),
(14, 2, 'Szeszes italok'),
(15, 2, 'Teák'),
(16, 2, 'Ásványvizek');

-- --------------------------------------------------------

--
-- Tábla szerkezet ehhez a táblához `termek_kategoria`
--

CREATE TABLE `termek_kategoria` (
  `id` int(11) NOT NULL,
  `megnevezes` varchar(30) NOT NULL
) ENGINE=InnoDB DEFAULT CHARSET=utf8 COLLATE=utf8_hungarian_ci;

--
-- A tábla adatainak kiíratása `termek_kategoria`
--

INSERT INTO `termek_kategoria` (`id`, `megnevezes`) VALUES
(1, 'Étel'),
(2, 'Ital');

-- --------------------------------------------------------

--
-- Tábla szerkezet ehhez a táblához `varmegyek`
--

CREATE TABLE `varmegyek` (
  `id` int(11) NOT NULL,
  `megye` varchar(30) NOT NULL
) ENGINE=InnoDB DEFAULT CHARSET=utf8mb4 COLLATE=utf8mb4_general_ci;

--
-- A tábla adatainak kiíratása `varmegyek`
--

INSERT INTO `varmegyek` (`id`, `megye`) VALUES
(1, 'Bács-Kiskun'),
(2, 'Baranya'),
(3, 'Békés'),
(4, 'Borsod-Abaúj-Zemplén'),
(5, 'Csongrád-Csanád'),
(6, 'Fejér'),
(7, 'Győr-Moson-Sopron'),
(8, 'Hajdú-Bihar'),
(9, 'Heves'),
(10, 'Jász-Nagykun-Szolnok'),
(11, 'Komárom-Esztergom'),
(12, 'Nógrád'),
(13, 'Pest'),
(14, 'Somogy'),
(15, 'Szabolcs-Szatmár-Bereg'),
(16, 'Tolna'),
(17, 'Vas'),
(18, 'Veszprém'),
(19, 'Zala');

--
-- Indexek a kiírt táblákhoz
--

--
-- A tábla indexei `admin`
--
ALTER TABLE `admin`
  ADD PRIMARY KEY (`id`);

--
-- A tábla indexei `afa_kulcsok`
--
ALTER TABLE `afa_kulcsok`
  ADD PRIMARY KEY (`id`);

--
-- A tábla indexei `felhasznalo_adatok`
--
ALTER TABLE `felhasznalo_adatok`
  ADD PRIMARY KEY (`id`);

--
-- A tábla indexei `fizetesi_modok`
--
ALTER TABLE `fizetesi_modok`
  ADD PRIMARY KEY (`id`);

--
-- A tábla indexei `mennyisegi_egysegek`
--
ALTER TABLE `mennyisegi_egysegek`
  ADD PRIMARY KEY (`id`);

--
-- A tábla indexei `rendeles`
--
ALTER TABLE `rendeles`
  ADD PRIMARY KEY (`id`),
  ADD KEY `felhasznalo_adatok_id` (`felhasznalo_adatok_id`),
  ADD KEY `fizetesi_modok_id` (`fizetesi_modok_id`),
  ADD KEY `rendeles_statusza_id` (`rendeles_statusza_id`);

--
-- A tábla indexei `rendeles_statusza`
--
ALTER TABLE `rendeles_statusza`
  ADD PRIMARY KEY (`id`);

--
-- A tábla indexei `rendeles_tetelei`
--
ALTER TABLE `rendeles_tetelei`
  ADD PRIMARY KEY (`id`),
  ADD KEY `rendeles_id` (`rendeles_id`),
  ADD KEY `termek_id` (`termek_id`);

--
-- A tábla indexei `szallitasi_cim`
--
ALTER TABLE `szallitasi_cim`
  ADD PRIMARY KEY (`id`),
  ADD KEY `felhasznalo_adatok_id` (`felhasznalo_adatok_id`),
  ADD KEY `telepules_id` (`telepules_id`);

--
-- A tábla indexei `telepulesek`
--
ALTER TABLE `telepulesek`
  ADD PRIMARY KEY (`id`),
  ADD KEY `telepulesek_ibfk_1` (`varmegyek_id`);

--
-- A tábla indexei `termek`
--
ALTER TABLE `termek`
  ADD PRIMARY KEY (`id`),
  ADD KEY `mennyisegi_egysegek_id` (`mennyisegi_egysegek_id`),
  ADD KEY `termek_csoport_id` (`termek_csoport_id`),
  ADD KEY `afa_kulcs_id` (`afa_kulcs_id`);

--
-- A tábla indexei `termek_csomag`
--
ALTER TABLE `termek_csomag`
  ADD PRIMARY KEY (`id`);

--
-- A tábla indexei `termek_csomag_reszletei`
--
ALTER TABLE `termek_csomag_reszletei`
  ADD PRIMARY KEY (`id`),
  ADD KEY `termek_csomag_id` (`termek_csomag_id`),
  ADD KEY `termek_id` (`termek_id`);

--
-- A tábla indexei `termek_csoport`
--
ALTER TABLE `termek_csoport`
  ADD PRIMARY KEY (`id`),
  ADD KEY `termek_kategoria_id` (`termek_kategoria_id`);

--
-- A tábla indexei `termek_kategoria`
--
ALTER TABLE `termek_kategoria`
  ADD PRIMARY KEY (`id`);

--
-- A tábla indexei `varmegyek`
--
ALTER TABLE `varmegyek`
  ADD PRIMARY KEY (`id`);

--
-- A kiírt táblák AUTO_INCREMENT értéke
--

--
-- AUTO_INCREMENT a táblához `admin`
--
ALTER TABLE `admin`
  MODIFY `id` int(11) NOT NULL AUTO_INCREMENT;

--
-- AUTO_INCREMENT a táblához `afa_kulcsok`
--
ALTER TABLE `afa_kulcsok`
  MODIFY `id` int(11) NOT NULL AUTO_INCREMENT, AUTO_INCREMENT=6;

--
-- AUTO_INCREMENT a táblához `felhasznalo_adatok`
--
ALTER TABLE `felhasznalo_adatok`
  MODIFY `id` int(11) NOT NULL AUTO_INCREMENT;

--
-- AUTO_INCREMENT a táblához `fizetesi_modok`
--
ALTER TABLE `fizetesi_modok`
  MODIFY `id` int(11) NOT NULL AUTO_INCREMENT, AUTO_INCREMENT=4;

--
-- AUTO_INCREMENT a táblához `mennyisegi_egysegek`
--
ALTER TABLE `mennyisegi_egysegek`
  MODIFY `id` int(11) NOT NULL AUTO_INCREMENT, AUTO_INCREMENT=11;

--
-- AUTO_INCREMENT a táblához `rendeles`
--
ALTER TABLE `rendeles`
  MODIFY `id` int(11) NOT NULL AUTO_INCREMENT;

--
-- AUTO_INCREMENT a táblához `rendeles_statusza`
--
ALTER TABLE `rendeles_statusza`
  MODIFY `id` int(11) NOT NULL AUTO_INCREMENT, AUTO_INCREMENT=4;

--
-- AUTO_INCREMENT a táblához `rendeles_tetelei`
--
ALTER TABLE `rendeles_tetelei`
  MODIFY `id` int(11) NOT NULL AUTO_INCREMENT;

--
-- AUTO_INCREMENT a táblához `szallitasi_cim`
--
ALTER TABLE `szallitasi_cim`
  MODIFY `id` int(11) NOT NULL AUTO_INCREMENT;

--
-- AUTO_INCREMENT a táblához `telepulesek`
--
ALTER TABLE `telepulesek`
  MODIFY `id` int(11) NOT NULL AUTO_INCREMENT, AUTO_INCREMENT=3579;

--
-- AUTO_INCREMENT a táblához `termek`
--
ALTER TABLE `termek`
  MODIFY `id` int(11) NOT NULL AUTO_INCREMENT, AUTO_INCREMENT=81;

--
-- AUTO_INCREMENT a táblához `termek_csomag`
--
ALTER TABLE `termek_csomag`
  MODIFY `id` int(11) NOT NULL AUTO_INCREMENT;

--
-- AUTO_INCREMENT a táblához `termek_csomag_reszletei`
--
ALTER TABLE `termek_csomag_reszletei`
  MODIFY `id` int(11) NOT NULL AUTO_INCREMENT;

--
-- AUTO_INCREMENT a táblához `termek_csoport`
--
ALTER TABLE `termek_csoport`
  MODIFY `id` int(11) NOT NULL AUTO_INCREMENT, AUTO_INCREMENT=17;

--
-- AUTO_INCREMENT a táblához `termek_kategoria`
--
ALTER TABLE `termek_kategoria`
  MODIFY `id` int(11) NOT NULL AUTO_INCREMENT, AUTO_INCREMENT=3;

--
-- AUTO_INCREMENT a táblához `varmegyek`
--
ALTER TABLE `varmegyek`
  MODIFY `id` int(11) NOT NULL AUTO_INCREMENT, AUTO_INCREMENT=20;

--
-- Megkötések a kiírt táblákhoz
--

--
-- Megkötések a táblához `rendeles`
--
ALTER TABLE `rendeles`
  ADD CONSTRAINT `rendeles_ibfk_1` FOREIGN KEY (`felhasznalo_adatok_id`) REFERENCES `felhasznalo_adatok` (`id`),
  ADD CONSTRAINT `rendeles_ibfk_2` FOREIGN KEY (`fizetesi_modok_id`) REFERENCES `fizetesi_modok` (`id`),
  ADD CONSTRAINT `rendeles_ibfk_3` FOREIGN KEY (`rendeles_statusza_id`) REFERENCES `rendeles_statusza` (`id`);

--
-- Megkötések a táblához `rendeles_tetelei`
--
ALTER TABLE `rendeles_tetelei`
  ADD CONSTRAINT `rendeles_tetelei_ibfk_1` FOREIGN KEY (`rendeles_id`) REFERENCES `rendeles` (`id`),
  ADD CONSTRAINT `rendeles_tetelei_ibfk_2` FOREIGN KEY (`termek_id`) REFERENCES `termek` (`id`);

--
-- Megkötések a táblához `szallitasi_cim`
--
ALTER TABLE `szallitasi_cim`
  ADD CONSTRAINT `szallitasi_cim_ibfk_1` FOREIGN KEY (`felhasznalo_adatok_id`) REFERENCES `felhasznalo_adatok` (`id`),
  ADD CONSTRAINT `szallitasi_cim_ibfk_2` FOREIGN KEY (`telepules_id`) REFERENCES `telepulesek` (`id`);

--
-- Megkötések a táblához `telepulesek`
--
ALTER TABLE `telepulesek`
  ADD CONSTRAINT `telepulesek_ibfk_1` FOREIGN KEY (`varmegyek_id`) REFERENCES `varmegyek` (`id`);

--
-- Megkötések a táblához `termek`
--
ALTER TABLE `termek`
  ADD CONSTRAINT `termek_ibfk_1` FOREIGN KEY (`mennyisegi_egysegek_id`) REFERENCES `mennyisegi_egysegek` (`id`),
  ADD CONSTRAINT `termek_ibfk_2` FOREIGN KEY (`termek_csoport_id`) REFERENCES `termek_csoport` (`id`),
  ADD CONSTRAINT `termek_ibfk_3` FOREIGN KEY (`afa_kulcs_id`) REFERENCES `afa_kulcsok` (`id`);

--
-- Megkötések a táblához `termek_csomag_reszletei`
--
ALTER TABLE `termek_csomag_reszletei`
  ADD CONSTRAINT `termek_csomag_reszletei_ibfk_1` FOREIGN KEY (`termek_csomag_id`) REFERENCES `termek_csomag` (`id`),
  ADD CONSTRAINT `termek_csomag_reszletei_ibfk_2` FOREIGN KEY (`termek_id`) REFERENCES `termek` (`id`);

--
-- Megkötések a táblához `termek_csoport`
--
ALTER TABLE `termek_csoport`
  ADD CONSTRAINT `termek_csoport_ibfk_1` FOREIGN KEY (`termek_kategoria_id`) REFERENCES `termek_kategoria` (`id`);
COMMIT;

/*!40101 SET CHARACTER_SET_CLIENT=@OLD_CHARACTER_SET_CLIENT */;
/*!40101 SET CHARACTER_SET_RESULTS=@OLD_CHARACTER_SET_RESULTS */;
/*!40101 SET COLLATION_CONNECTION=@OLD_COLLATION_CONNECTION */;
